Order_Source,Order_ID,Order_Date,Customer_ID,Customer_Name,Address,ZIP,Tel,Product_ID,Product_Price,Quantity,Promotion,TotalPrice,Unnamed: 13,Unnamed: 14,Unnamed: 15,recency,frequency,monetary,r_score,f_score,m_score,RFMScore,Segment,cluster
Call,1570,1/5/2020 17:13,75859,Jakeem Byers,8720 Cursus Ave,28222,013-447-7884,THT0007,370,3,No,1110.0,,,,874.0,1,1110,1,1,2,112,At Risk,3
Facebook,3194,1/5/2020 22:04,43926,Megan Wolf,"P.O. Box 313, 6136 Vulputate Ave",49483,030-686-5892,THT0014,510,4,Yes,1734.0,,,,874.0,1,2040,1,1,5,115,At Risk,3
Call,3978,1/8/2020 19:27,65206,Ahmed Mendoza,3356 Auctor. St.,47445,057-883-3390,THT0017,570,3,Yes,1453.5,,,,871.0,1,1710,1,1,4,114,At Risk,3
Lazada,3550,2/9/2020 10:20,44292,Travis Nichols,7926 Porttitor St.,84036,066-986-7878,THT0010,430,4,No,1720.0,,,,839.0,1,1720,1,1,4,114,At Risk,3
Shopee,6847,2/12/2020 22:04,27638,Shad Figueroa,5409 Aliquam Rd.,62733,044-041-3608,THT0011,450,4,Yes,1530.0,,,,836.0,1,1800,1,1,4,114,At Risk,3
Lazada,4357,3/10/2020 3:22,10627,Jeremy Padilla,Ap #636-7397 Senectus Street,36205,083-521-9783,THT0005,330,2,No,660.0,,,,809.0,1,660,1,1,1,111,At Risk,0
Facebook,8633,4/8/2020 10:28,29648,Oscar Baxter,"P.O. Box 853, 9433 Orci, Av.",56192,043-814-1175,THT0003,290,5,Yes,1232.5,,,,780.0,1,1450,1,1,3,113,At Risk,3
Shopee,4602,4/12/2020 8:56,27669,Jameson Barber,318-5704 Lorem Street,31555,066-428-9306,THT0011,450,3,Yes,1147.5,,,,776.0,1,1350,1,1,3,113,At Risk,3
Facebook,7110,5/10/2020 13:38,22233,Katell Mcmillan,"Ap #420-3653 Vel, Av.",85435,033-929-8573,THT0019,610,2,No,1220.0,,,,748.0,1,1220,1,1,3,113,At Risk,3
Facebook,9055,6/8/2020 16:53,15443,Edan Hoover,523-4009 Molestie Avenue,47815,038-461-7364,THT0016,550,4,Yes,1870.0,,,,719.0,1,2200,1,1,5,115,At Risk,3
Facebook,4199,6/9/2020 5:11,30769,Hayes Keith,"P.O. Box 347, 823 Suspendisse St.",52368,017-473-8603,THT0011,450,3,No,1350.0,,,,718.0,1,1350,1,1,3,113,At Risk,3
Facebook,8723,6/11/2020 11:51,48681,TaShya Espinoza,Ap #647-5118 Euismod St.,87565,082-971-3516,THT0006,350,2,Yes,595.0,,,,716.0,1,700,1,1,1,111,At Risk,0
Facebook,1207,7/7/2020 9:37,17314,Alfreda Justice,5343 Magna. Street,81731,040-386-9586,THT0015,530,1,No,530.0,,,,690.0,1,530,1,1,1,111,At Risk,0
Shopee,9136,7/8/2020 9:05,92292,Levi George,"957-507 Vitae, St.",95606,022-434-6453,THT0002,270,2,Yes,459.0,,,,689.0,1,540,1,1,1,111,At Risk,0
Shopee,5834,7/9/2020 16:57,50497,Quon Christensen,"P.O. Box 939, 3069 Quam. Av.",36547,022-353-4628,THT0012,470,4,No,1880.0,,,,688.0,1,1880,1,1,4,114,At Risk,3
Call,5215,8/10/2020 16:12,82246,Cairo Velazquez,275-6384 Mi Avenue,22777,028-364-7182,THT0011,450,4,No,1800.0,,,,656.0,1,1800,1,1,4,114,At Risk,3
Lazada,5097,9/11/2020 17:28,74531,Dara Hooper,734-928 Mauris. Av.,80125,078-299-8315,THT0017,570,5,Yes,2422.5,,,,624.0,1,2850,1,1,5,115,At Risk,3
Call,1789,10/12/2020 14:58,80313,Pandora Trevino,"P.O. Box 480, 1595 Dui. St.",27644,032-084-6177,THT0008,390,3,Yes,994.5,,,,593.0,1,1170,1,1,3,113,At Risk,3
Shopee,6827,11/5/2020 14:47,22700,Denton Hamilton,Ap #150-1883 Mi St.,53346,077-422-6125,THT0013,490,1,Yes,416.5,,,,569.0,1,490,1,1,1,111,At Risk,0
Call,8180,11/12/2020 8:17,67926,Destiny Hooper,Ap #997-1794 Luctus Street,55622,017-827-5837,THT0003,290,2,Yes,493.0,,,,562.0,1,580,1,1,1,111,At Risk,0
Shopee,6609,12/12/2020 20:19,59231,Rigel Christensen,1374 Nonummy Av.,38171,048-064-2814,THT0001,250,2,No,500.0,,,,532.0,1,500,1,1,1,111,At Risk,0
Facebook,3648,1/1/2021 20:17,27957,Derek Wilkerson,Ap #723-6049 Magna. Rd.,86588,021-178-7573,THT0010,430,2,Yes,731.0,,,,512.0,1,860,1,1,2,112,At Risk,0
Shopee,3248,1/2/2021 20:34,27330,Lisandra Page,415-469 Interdum. Rd.,72859,075-888-5181,THT0003,290,2,Yes,493.0,,,,511.0,1,580,1,1,1,111,At Risk,0
Shopee,3451,1/3/2021 0:15,34264,Germaine Britt,993-6617 Vestibulum Road,77515,013-587-5787,THT0009,410,4,Yes,1394.0,,,,510.0,1,1640,1,1,4,114,At Risk,3
Call,8661,1/5/2021 21:36,99870,Madison Jackson,5334 Vivamus Ave,37664,091-827-1814,THT0014,510,2,No,1020.0,,,,508.0,1,1020,1,1,2,112,At Risk,0
Line,5846,1/6/2021 0:13,41692,Nelle Roberts,5460 Porttitor St.,96587,036-333-9269,THT0015,530,3,Yes,1351.5,,,,507.0,1,1590,1,1,4,114,At Risk,3
Shopee,4086,1/6/2021 5:22,32093,Wyatt Oneal,761-5326 Justo Ave,46981,095-578-3715,THT0006,350,1,No,350.0,,,,507.0,1,350,1,1,1,111,At Risk,0
Call,7533,1/6/2021 5:42,73960,Ruth Page,697-6855 Elit. Rd.,62986,086-533-5453,THT0017,570,4,No,2280.0,,,,507.0,1,2280,1,1,5,115,At Risk,3
Shopee,9012,1/6/2021 11:56,97019,Damian Wooten,Ap #728-3151 Egestas. Road,15371,067-070-4450,THT0004,310,4,Yes,1054.0,,,,507.0,1,1240,1,1,3,113,At Risk,3
Lazada,5947,1/6/2021 14:41,81723,Aurelia Evans,8291 Nunc Avenue,72353,046-545-5679,THT0009,410,4,No,1640.0,,,,507.0,1,1640,1,1,4,114,At Risk,3
Line,7239,1/8/2021 5:36,74728,Macey Lawson,3424 Lectus Rd.,72630,014-455-4132,THT0004,310,5,No,1550.0,,,,505.0,1,1550,1,1,4,114,At Risk,3
Lazada,8039,1/10/2021 4:07,59079,Alexandra Petersen,"602-9108 Quis, Rd.",72887,034-549-6483,THT0016,550,3,No,1650.0,,,,503.0,1,1650,1,1,4,114,At Risk,3
Lazada,2971,1/10/2021 6:52,15453,Price Torres,Ap #293-9237 Vel Ave,10545,095-852-2975,THT0010,430,2,No,860.0,,,,503.0,1,860,1,1,2,112,At Risk,0
Shopee,5176,1/10/2021 6:59,81409,Zena Hogan,Ap #432-6279 Velit Ave,52740,026-573-3684,THT0020,630,3,Yes,1606.5,,,,503.0,1,1890,1,1,4,114,At Risk,3
Facebook,7608,1/10/2021 13:37,21165,Winter House,7168 Pharetra Street,73994,014-767-9043,THT0005,330,1,Yes,280.5,,,,503.0,1,330,1,1,1,111,At Risk,0
Shopee,8663,1/10/2021 21:39,58281,Xena Brewer,Ap #536-2247 Parturient Rd.,59396,067-665-8038,THT0010,430,4,No,1720.0,,,,503.0,1,1720,1,1,4,114,At Risk,3
Call,4008,2/2/2021 2:18,54563,Serina Richards,Ap #690-3238 Eget St.,57668,031-848-0774,THT0013,490,4,No,1960.0,,,,480.0,1,1960,1,1,5,115,At Risk,3
Shopee,4468,2/5/2021 12:17,38564,Ahmed Merrill,Ap #959-4562 Nunc Street,55905,034-426-3446,THT0008,390,3,Yes,994.5,,,,477.0,1,1170,1,1,3,113,At Risk,3
Facebook,6307,2/8/2021 13:50,57975,Jaden Weber,"P.O. Box 702, 5456 Scelerisque Street",73522,063-634-2016,THT0012,470,4,No,1880.0,,,,474.0,1,1880,1,1,4,114,At Risk,3
Lazada,3337,2/9/2021 21:22,25061,Raven Gaines,Ap #846-4974 Molestie St.,80634,039-172-0066,THT0007,370,3,Yes,943.5,,,,473.0,1,1110,1,1,2,112,At Risk,3
Shopee,8656,2/10/2021 4:16,48842,Halee Cross,901-5574 Quam Road,76506,057-315-1361,THT0017,570,1,Yes,484.5,,,,472.0,1,570,1,1,1,111,At Risk,0
Facebook,2302,2/10/2021 11:49,34351,Stewart Strickland,"P.O. Box 526, 5616 Nisi Avenue",26838,060-186-5187,THT0013,490,5,Yes,2082.5,,,,472.0,1,2450,1,1,5,115,At Risk,3
Line,1341,2/11/2021 5:56,93782,Zahir Estes,Ap #646-8802 Donec Rd.,30786,036-733-8986,THT0016,550,1,Yes,467.5,,,,471.0,1,550,1,1,1,111,At Risk,0
Line,5562,2/11/2021 11:12,88206,Ivana Kramer,9996 Mauris Avenue,59149,015-485-3381,THT0013,490,4,No,1960.0,,,,471.0,1,1960,1,1,5,115,At Risk,3
Call,9964,2/11/2021 13:01,82982,Macaulay Mcmahon,"P.O. Box 429, 2584 Dictum Ave",85356,060-831-4332,THT0018,590,2,No,1180.0,,,,471.0,1,1180,1,1,3,113,At Risk,3
Lazada,9120,2/12/2021 2:12,59388,Salvador Mayer,Ap #697-1332 In Street,97427,039-654-8269,THT0005,330,3,Yes,841.5,,,,470.0,1,990,1,1,2,112,At Risk,0
Call,9265,2/12/2021 2:17,87454,Joshua Hatfield,217-9309 Adipiscing Avenue,86731,010-319-3394,THT0010,430,5,No,2150.0,,,,470.0,1,2150,1,1,5,115,At Risk,3
Call,9355,2/12/2021 14:11,27974,Sophia Glass,653 Accumsan Road,77926,078-686-6921,THT0018,590,1,Yes,501.5,,,,470.0,1,590,1,1,1,111,At Risk,0
Shopee,2291,2/12/2021 14:46,52852,Baxter Hays,8514 Tempor Street,56781,023-143-1914,THT0010,430,2,Yes,731.0,,,,470.0,1,860,1,1,2,112,At Risk,0
Lazada,9145,3/5/2021 3:46,73652,Maisie Carpenter,349-7857 Aenean Rd.,27524,046-128-7518,THT0017,570,3,Yes,1453.5,,,,449.0,1,1710,1,1,4,114,At Risk,3
Facebook,1407,3/6/2021 14:11,74467,Brent Carney,126-2139 Dui Av.,91292,023-178-8805,THT0010,430,5,No,2150.0,,,,448.0,1,2150,2,1,5,215,At Risk,3
Lazada,5248,3/6/2021 15:24,43140,Christine Carr,196-5943 Sed St.,35527,046-404-8118,THT0008,390,5,No,1950.0,,,,448.0,1,1950,2,1,5,215,At Risk,3
Call,4782,3/7/2021 0:34,46538,Nell Hooper,"P.O. Box 624, 1135 Ultrices Avenue",16587,046-333-4243,THT0018,590,3,No,1770.0,,,,447.0,1,1770,2,1,4,214,At Risk,3
Call,4649,3/7/2021 0:59,33274,Chantale Winters,"P.O. Box 539, 9717 Morbi Rd.",25578,090-317-1185,THT0005,330,4,No,1320.0,,,,447.0,1,1320,2,1,3,213,At Risk,3
Shopee,1889,3/7/2021 16:57,38669,Zelda Gamble,"874-8631 Eu, Avenue",39924,077-112-6873,THT0019,610,3,No,1830.0,,,,447.0,1,1830,2,1,4,214,At Risk,3
Line,9028,3/8/2021 7:54,56738,Tanisha Soto,836-9069 Nunc Road,36884,075-631-3512,THT0019,610,3,Yes,1555.5,,,,446.0,1,1830,2,1,4,214,At Risk,3
Line,6407,3/8/2021 19:10,30956,Herman Gomez,936-3675 In Rd.,64200,098-577-9583,THT0010,430,2,No,860.0,,,,446.0,1,860,2,1,2,212,At Risk,0
Line,3053,3/11/2021 22:02,46851,Alexis Valenzuela,955-4432 Ante. Ave,74623,021-254-8666,THT0019,610,4,No,2440.0,,,,443.0,1,2440,2,1,5,215,At Risk,3
Facebook,5702,3/12/2021 1:27,22087,Rebecca White,Ap #346-9205 Augue Ave,75737,012-364-4670,THT0005,330,4,No,1320.0,,,,442.0,1,1320,2,1,3,213,At Risk,3
Line,1531,3/12/2021 3:47,48051,Karleigh Duran,323-2931 Risus Ave,48806,035-155-8843,THT0010,430,5,No,2150.0,,,,442.0,1,2150,2,1,5,215,At Risk,3
Call,1691,4/2/2021 19:11,31736,Adele Buckley,"Ap #212-2122 Est, St.",33461,073-356-9718,THT0003,290,2,Yes,493.0,,,,421.0,1,580,2,1,1,211,At Risk,0
Lazada,2514,4/6/2021 9:28,58685,Honorato Shields,Ap #242-1862 Pede. St.,78754,062-785-2098,THT0018,590,2,Yes,1003.0,,,,417.0,1,1180,2,1,3,213,At Risk,3
Facebook,2382,4/6/2021 14:27,37434,Vielka Ellis,Ap #251-5357 Ut Street,29152,005-784-1148,THT0013,490,2,No,980.0,,,,417.0,1,980,2,1,2,212,At Risk,0
Lazada,5295,4/7/2021 4:02,42042,Remedios Alford,"300-5211 At, Ave",68044,077-701-9852,THT0016,550,3,No,1650.0,,,,416.0,1,1650,2,1,4,214,At Risk,3
Shopee,5547,4/8/2021 11:15,42869,Harper Holder,Ap #894-4790 Erat Rd.,72470,072-914-5815,THT0003,290,4,No,1160.0,,,,415.0,1,1160,2,1,3,213,At Risk,3
Lazada,8892,4/8/2021 13:16,62025,Imogene Dejesus,Ap #422-8444 Malesuada Av.,73532,035-528-1347,THT0014,510,5,Yes,2167.5,,,,415.0,1,2550,2,1,5,215,At Risk,3
Line,5131,4/8/2021 17:06,26200,Sawyer Cannon,"P.O. Box 162, 9118 Ultricies Av.",35789,004-106-1581,THT0005,330,4,Yes,1122.0,,,,415.0,1,1320,2,1,3,213,At Risk,3
Shopee,3103,4/8/2021 17:13,23812,Isaac Gray,Ap #799-1831 Tortor Av.,61280,036-017-2410,THT0012,470,5,Yes,1997.5,,,,415.0,1,2350,2,1,5,215,At Risk,3
Line,2934,4/9/2021 19:42,49475,Stacey Sawyer,770-6396 Ultrices Rd.,85313,087-238-6711,THT0007,370,2,No,740.0,,,,414.0,1,740,2,1,2,212,At Risk,0
Line,9825,4/10/2021 1:02,99515,Rashad Lara,865-2901 Sodales. Rd.,45865,045-552-3888,THT0011,450,2,No,900.0,,,,413.0,1,900,2,1,2,212,At Risk,0
Line,7991,4/11/2021 1:22,42885,Xavier Hatfield,754-7842 Mauris Road,47340,033-254-1717,THT0003,290,3,Yes,739.5,,,,412.0,1,870,2,1,2,212,At Risk,0
Line,4680,4/11/2021 8:30,69843,Shannon Lyons,Ap #643-3213 Risus. Ave,69435,044-334-6821,THT0010,430,5,No,2150.0,,,,412.0,1,2150,2,1,5,215,At Risk,3
Facebook,8482,4/12/2021 23:44,26730,Hamilton Kelly,Ap #916-6557 Elit. Avenue,83746,006-762-4931,THT0020,630,2,No,1260.0,,,,411.0,1,1260,2,1,3,213,At Risk,3
Shopee,2056,5/6/2021 9:25,24267,Carissa Suarez,Ap #632-6775 In Road,58218,028-720-7315,THT0005,330,2,No,660.0,,,,387.0,1,660,2,1,1,211,At Risk,0
Line,5558,5/7/2021 5:12,75847,Hope Herman,"Ap #227-5258 Nec, Rd.",28170,034-481-4046,THT0017,570,5,Yes,2422.5,,,,386.0,1,2850,2,1,5,215,At Risk,3
Facebook,2326,5/7/2021 12:07,41224,Graham Mullen,Ap #777-385 Eget Av.,40558,007-613-2778,THT0003,290,5,No,1450.0,,,,386.0,1,1450,2,1,3,213,At Risk,3
Line,5802,5/8/2021 23:49,75164,Yasir Lynn,Ap #559-4138 Semper Rd.,71793,045-862-0252,THT0003,290,2,Yes,493.0,,,,385.0,1,580,2,1,1,211,At Risk,0
Lazada,1225,5/9/2021 3:13,88429,Coby Clements,Ap #357-3938 Ullamcorper St.,87000,081-083-5573,THT0002,270,2,Yes,459.0,,,,384.0,1,540,2,1,1,211,At Risk,0
Line,6952,5/9/2021 16:41,66343,Chloe Nguyen,518-2399 Elementum St.,57383,007-735-8233,THT0019,610,5,No,3050.0,,,,384.0,1,3050,2,1,5,215,At Risk,3
Call,5178,5/10/2021 19:38,54570,Ezra Holder,Ap #132-9849 Euismod Ave,63598,078-875-5470,THT0013,490,3,Yes,1249.5,,,,383.0,1,1470,2,1,3,213,At Risk,3
Facebook,1924,5/11/2021 12:38,96754,Quinn Maddox,7563 Semper Rd.,51723,042-538-3237,THT0008,390,2,No,780.0,,,,382.0,1,780,2,1,2,212,At Risk,0
Call,9694,5/12/2021 3:25,53249,Jerome Holmes,684-7981 Tristique St.,99634,072-358-4275,THT0010,430,3,No,1290.0,,,,381.0,1,1290,2,1,3,213,At Risk,3
Call,5859,5/12/2021 12:23,13304,Cairo Mitchell,224-6414 Maecenas Rd.,80656,043-172-9762,THT0008,390,4,Yes,1326.0,,,,381.0,1,1560,2,1,4,214,At Risk,3
Shopee,5365,6/1/2021 0:17,75467,Nigel Benton,766-9942 Nunc Ave,78840,075-174-7173,THT0016,550,2,No,1100.0,,,,361.0,1,1100,2,1,2,212,At Risk,0
Shopee,6280,6/4/2021 0:11,84964,Jesse Swanson,841-5497 Donec St.,22652,030-345-5667,THT0020,630,2,Yes,1071.0,,,,358.0,1,1260,2,1,3,213,At Risk,3
Lazada,2735,6/5/2021 10:55,47861,Sylvester Strickland,"P.O. Box 462, 2697 Nunc Avenue",67414,063-410-6826,THT0010,430,2,No,860.0,,,,357.0,1,860,2,1,2,212,At Risk,0
Lazada,7562,6/5/2021 15:52,23279,Kirestin Briggs,"863-1166 Ac, Rd.",21511,074-711-7783,THT0014,510,2,Yes,867.0,,,,357.0,1,1020,2,1,2,212,At Risk,0
Call,3811,6/6/2021 0:12,16344,Kenyon Chambers,276-6285 Nam Street,83384,023-185-7747,THT0012,470,3,Yes,1198.5,,,,356.0,1,1410,2,1,3,213,At Risk,3
Line,1397,6/7/2021 5:29,55639,Daniel Rivas,Ap #937-731 Quisque Rd.,33333,001-964-4371,THT0015,530,5,No,2650.0,,,,355.0,1,2650,2,1,5,215,At Risk,3
Lazada,6725,6/8/2021 7:21,88444,Myles Hogan,6726 Etiam Ave,70587,022-546-9537,THT0009,410,1,Yes,348.5,,,,354.0,1,410,2,1,1,211,At Risk,0
Shopee,4527,6/9/2021 0:08,51237,Addison Stafford,832-1426 At Rd.,32407,045-164-2169,THT0013,490,5,Yes,2082.5,,,,353.0,1,2450,2,1,5,215,At Risk,3
Line,8782,6/9/2021 16:17,44380,Leonard Frederick,"P.O. Box 430, 627 Ligula. Ave",66323,069-580-6385,THT0004,310,2,Yes,527.0,,,,353.0,1,620,2,1,1,211,At Risk,0
Line,7424,6/9/2021 23:04,25970,Breanna Bauer,666-8053 Orci Road,14581,073-178-3837,THT0019,610,2,No,1220.0,,,,353.0,1,1220,2,1,3,213,At Risk,3
Line,1936,6/10/2021 5:09,70481,Ivy Farmer,Ap #520-1945 Viverra. Ave,93794,021-327-6637,THT0015,530,1,Yes,450.5,,,,352.0,1,530,2,1,1,211,At Risk,0
Call,5320,6/10/2021 6:46,39893,Imogene Joyner,"P.O. Box 651, 1407 Nulla. St.",22583,080-205-3538,THT0002,270,3,Yes,688.5,,,,352.0,1,810,2,1,2,212,At Risk,0
Facebook,4345,6/10/2021 20:29,79041,Theodore Vazquez,Ap #888-8817 Arcu. Rd.,27465,071-060-2123,THT0019,610,2,Yes,1037.0,,,,352.0,1,1220,2,1,3,213,At Risk,3
Shopee,2427,6/10/2021 22:29,52388,Abigail Barry,Ap #268-649 Mauris Rd.,48984,056-433-3823,THT0018,590,5,No,2950.0,,,,352.0,1,2950,2,1,5,215,At Risk,3
Lazada,5684,6/11/2021 7:04,12953,Addison Holden,Ap #472-1875 Nec Ave,58405,065-579-7478,THT0007,370,5,No,1850.0,,,,351.0,1,1850,2,1,4,214,At Risk,3
Shopee,6297,7/2/2021 8:33,80096,Amery Richards,Ap #206-4936 Pellentesque Rd.,43546,048-111-2323,THT0014,510,5,Yes,2167.5,,,,330.0,1,2550,3,1,5,315,Long time Big Buy,3
Shopee,3905,7/6/2021 2:30,87963,Oren Chandler,Ap #282-5278 Ipsum. Rd.,27685,076-016-2626,THT0015,530,3,No,1590.0,,,,326.0,1,1590,3,1,4,314,Long time Big Buy,3
Shopee,2925,7/6/2021 6:49,87182,Hollee Campos,"P.O. Box 807, 1111 Urna. Av.",86416,034-680-7070,THT0015,530,4,Yes,1802.0,,,,326.0,1,2120,3,1,5,315,Long time Big Buy,3
Line,8079,7/6/2021 16:45,82098,Aiko Sykes,"P.O. Box 476, 151 Dolor Ave",97738,051-821-6812,THT0014,510,3,Yes,1300.5,,,,326.0,1,1530,3,1,4,314,Long time Big Buy,3
Call,3252,7/7/2021 3:47,61067,Ferdinand Mcneil,Ap #361-9322 Nisi Road,23339,094-486-2816,THT0005,330,4,Yes,1122.0,,,,325.0,1,1320,3,1,3,313,Potential Loyalists,3
Call,8497,7/8/2021 2:47,36637,Kiayada Mcfadden,"P.O. Box 887, 6782 Ligula Av.",36604,043-646-7116,THT0007,370,3,Yes,943.5,,,,324.0,1,1110,3,1,2,312,Potential Loyalists,3
Lazada,9714,7/8/2021 5:54,71992,Claire Workman,"P.O. Box 944, 2227 Semper St.",35815,026-936-3896,THT0004,310,4,Yes,1054.0,,,,324.0,1,1240,3,1,3,313,Potential Loyalists,3
Shopee,5954,7/8/2021 9:43,18087,Kameko Joyner,"P.O. Box 237, 4862 Nibh. Road",35772,082-276-4467,THT0002,270,4,No,1080.0,,,,324.0,1,1080,3,1,2,312,Potential Loyalists,0
Lazada,2327,7/8/2021 19:47,46541,Genevieve Morrow,Ap #209-3581 Lectus Road,36173,015-344-8163,THT0008,390,3,No,1170.0,,,,324.0,1,1170,3,1,3,313,Potential Loyalists,3
Lazada,7048,7/10/2021 13:02,77812,Aristotle Marks,"P.O. Box 194, 4118 Nec St.",23064,018-524-5735,THT0007,370,4,No,1480.0,,,,322.0,1,1480,3,1,3,313,Potential Loyalists,3
Line,3174,8/3/2021 5:14,40092,Karina Mcdowell,9519 Praesent Av.,67152,015-363-6566,THT0011,450,1,Yes,382.5,,,,298.0,1,450,3,1,1,311,Potential Loyalists,0
Call,6101,8/4/2021 12:31,92801,Yen Green,Ap #697-2208 Mauris. Street,65388,044-657-5923,THT0019,610,2,No,1220.0,,,,297.0,1,1220,3,1,3,313,Potential Loyalists,3
Line,6783,8/5/2021 16:57,60080,Riley Harding,Ap #556-9287 Ipsum Ave,46417,072-868-3083,THT0008,390,1,Yes,331.5,,,,296.0,1,390,3,1,1,311,Potential Loyalists,0
Shopee,7311,8/6/2021 4:21,13572,Orli Alvarado,"P.O. Box 810, 8747 Facilisis, St.",38117,072-724-7363,THT0007,370,4,No,1480.0,,,,295.0,1,1480,3,1,3,313,Potential Loyalists,3
Line,6891,8/7/2021 12:35,59564,Nadine Bright,459-2801 Scelerisque Avenue,22297,091-238-3441,THT0014,510,2,No,1020.0,,,,294.0,1,1020,3,1,2,312,Potential Loyalists,0
Shopee,7824,8/7/2021 14:39,67507,Gary Murray,Ap #443-6746 Natoque Rd.,14011,067-570-1776,THT0013,490,2,No,980.0,,,,294.0,1,980,3,1,2,312,Potential Loyalists,0
Lazada,4535,8/7/2021 15:04,18661,Harriet Clarke,429 Nonummy Rd.,71182,044-731-8811,THT0011,450,2,No,900.0,,,,294.0,1,900,3,1,2,312,Potential Loyalists,0
Lazada,8247,8/8/2021 18:25,55258,Xyla Chase,7129 Lectus Rd.,71196,022-381-4869,THT0019,610,3,Yes,1555.5,,,,293.0,1,1830,3,1,4,314,Long time Big Buy,3
Shopee,8767,8/9/2021 1:35,59708,Ocean Sheppard,106-2097 Ligula Rd.,21637,009-384-6642,THT0007,370,1,No,370.0,,,,292.0,1,370,3,1,1,311,Potential Loyalists,0
Line,2981,8/9/2021 6:15,68777,Ivy Coffey,Ap #400-3074 Quis St.,65333,082-216-4512,THT0016,550,2,Yes,935.0,,,,292.0,1,1100,3,1,2,312,Potential Loyalists,0
Line,4720,8/10/2021 9:48,29605,Ignatius Munoz,"4605 Ornare, Avenue",72666,016-787-3388,THT0014,510,4,No,2040.0,,,,291.0,1,2040,3,1,5,315,Long time Big Buy,3
Lazada,5561,9/6/2021 18:25,12494,Nell Suarez,Ap #322-2888 Cras Avenue,27476,072-200-3268,THT0006,350,5,No,1750.0,,,,264.0,1,1750,3,1,4,314,Long time Big Buy,3
Shopee,5448,9/7/2021 6:29,24640,Alika William,"Ap #535-8764 Elit, Ave",17581,052-686-3417,THT0006,350,3,No,1050.0,,,,263.0,1,1050,3,1,2,312,Potential Loyalists,0
Facebook,6499,9/7/2021 8:11,60501,Wyatt Schneider,Ap #939-4394 Erat St.,37744,021-628-1431,THT0007,370,4,Yes,1258.0,,,,263.0,1,1480,3,1,3,313,Potential Loyalists,3
Shopee,2900,9/7/2021 14:40,20840,Todd Gutierrez,251-6245 Nulla Ave,63533,017-941-2452,THT0004,310,5,Yes,1317.5,,,,263.0,1,1550,3,1,4,314,Long time Big Buy,3
Shopee,4228,9/8/2021 4:09,38535,Wade Whitaker,Ap #149-9622 Odio. Rd.,50053,034-041-4718,THT0008,390,4,Yes,1326.0,,,,262.0,1,1560,3,1,4,314,Long time Big Buy,3
Lazada,2459,9/8/2021 12:00,21398,Dale Mccarthy,Ap #440-5711 Feugiat Avenue,44464,091-176-8139,THT0015,530,5,No,2650.0,,,,262.0,1,2650,3,1,5,315,Long time Big Buy,3
Facebook,1130,9/9/2021 6:29,34743,Priscilla Hutchinson,"P.O. Box 605, 4608 Congue St.",90656,009-065-4657,THT0009,410,2,No,820.0,,,,261.0,1,820,3,1,2,312,Potential Loyalists,0
Call,1928,9/12/2021 3:24,79197,Keane Franks,9599 Arcu Rd.,42685,010-869-1631,THT0017,570,3,Yes,1453.5,,,,258.0,1,1710,3,1,4,314,Long time Big Buy,3
Call,2723,10/2/2021 18:21,49880,Megan Potts,7172 Dictum. Ave,78517,038-185-8594,THT0009,410,4,Yes,1394.0,,,,238.0,1,1640,4,1,4,414,Long time Big Buy,3
Shopee,5174,10/3/2021 16:24,91370,Dustin Mckenzie,6803 Pellentesque Road,40024,031-782-1446,THT0019,610,3,Yes,1555.5,,,,237.0,1,1830,4,1,4,414,Long time Big Buy,3
Call,8639,10/4/2021 11:53,83671,Blaze Leblanc,"P.O. Box 174, 8685 Et, Ave",76286,013-212-0254,THT0016,550,3,Yes,1402.5,,,,236.0,1,1650,4,1,4,414,Long time Big Buy,3
Line,5645,10/6/2021 0:16,51413,Erasmus Nelson,405-3078 Lobortis. Road,20245,040-161-4576,THT0003,290,5,Yes,1232.5,,,,234.0,1,1450,4,1,3,413,Potential Loyalists,3
Shopee,5238,10/6/2021 14:03,45785,Ali Valentine,Ap #436-8934 Aliquam St.,79234,041-159-1355,THT0011,450,4,No,1800.0,,,,234.0,1,1800,4,1,4,414,Long time Big Buy,3
Call,7980,10/6/2021 16:17,37310,Cassady Puckett,"Ap #437-6853 A, Road",26042,094-892-4725,THT0016,550,1,Yes,467.5,,,,234.0,1,550,4,1,1,411,Potential Loyalists,0
Lazada,7658,10/7/2021 22:31,49374,Stacy William,"430-8106 Lectus, Road",30768,025-175-4943,THT0012,470,5,Yes,1997.5,,,,233.0,1,2350,4,1,5,415,Long time Big Buy,3
Line,7653,10/8/2021 16:12,80317,Cassady Rojas,893-248 Aliquet Av.,68311,038-720-7013,THT0009,410,1,No,410.0,,,,232.0,1,410,4,1,1,411,Potential Loyalists,0
Facebook,6272,10/9/2021 21:14,88389,Wilma Richmond,341-2002 Tincidunt St.,42141,018-685-3715,THT0005,330,2,Yes,561.0,,,,231.0,1,660,4,1,1,411,Potential Loyalists,0
Lazada,7750,10/9/2021 22:09,80260,Candice Mcguire,3183 A St.,95547,018-357-6040,THT0004,310,3,Yes,790.5,,,,231.0,1,930,4,1,2,412,Potential Loyalists,0
Call,7957,11/7/2021 10:31,51566,Yuli Griffin,305-8716 Libero Ave,31691,020-737-1673,THT0014,510,2,No,1020.0,,,,202.0,1,1020,4,1,2,412,Potential Loyalists,0
Lazada,3173,11/11/2021 4:55,65416,Dacey Mckay,861-6381 Et Rd.,47651,067-683-3647,THT0016,550,3,No,1650.0,,,,198.0,1,1650,4,1,4,414,Long time Big Buy,3
Facebook,6207,12/2/2021 7:50,80051,Ingrid Ayers,8419 Nunc Rd.,81694,082-715-8429,THT0013,490,4,No,1960.0,,,,177.0,1,1960,4,1,5,415,Long time Big Buy,3
Shopee,3931,12/5/2021 17:12,24707,Steven Fernandez,Ap #327-7722 Maecenas Ave,49385,022-638-5581,THT0004,310,2,No,620.0,,,,174.0,1,620,4,1,1,411,Potential Loyalists,0
Facebook,9374,9/3/2022 10:51,24707,Steven Fernandez,Ap #327-7722 Maecenas Ave,49385,022-638-5581,THT0002,270,3,Yes,688.5,,,,174.0,1,620,4,1,1,411,Potential Loyalists,0
Facebook,7059,12/10/2021 23:40,18294,Kim Marquez,"223-3443 Lorem, Road",22422,016-665-9552,THT0016,550,5,No,2750.0,,,,169.0,1,2750,4,1,5,415,Long time Big Buy,3
Call,6015,12/11/2021 4:03,95107,Keegan Faulkner,994-6828 Erat. Avenue,39299,036-625-6849,THT0002,270,2,No,540.0,,,,168.0,1,540,4,1,1,411,Potential Loyalists,0
Facebook,6249,12/11/2021 6:26,97117,Elliott Clarke,"175-5253 Vel, Road",88176,003-657-4802,THT0004,310,2,Yes,527.0,,,,168.0,1,620,4,1,1,411,Potential Loyalists,0
Facebook,2868,12/11/2021 7:13,53439,Melinda Hines,"9209 Vulputate, Rd.",55632,026-501-3182,THT0018,590,3,Yes,1504.5,,,,168.0,1,1770,4,1,4,414,Long time Big Buy,3
Shopee,7956,12/11/2021 18:21,54862,Zachary Walters,6214 Varius St.,41456,060-887-3044,THT0015,530,3,No,1590.0,,,,168.0,1,1590,4,1,4,414,Long time Big Buy,3
Call,1305,12/12/2021 23:39,30466,Sage Guy,"989-2440 Leo, Av.",28841,032-525-3837,THT0019,610,5,Yes,2592.5,,,,167.0,1,3050,4,1,5,415,Long time Big Buy,3
Shopee,7733,1/1/2022 10:42,42710,Lucy Reilly,165-3693 Nibh Ave,96257,089-848-3870,THT0017,570,3,No,1710.0,,,,147.0,1,1710,5,1,4,514,Long time Big Buy,3
Facebook,7142,1/1/2022 19:15,42853,Mallory Hull,5013 Magna. St.,17812,015-148-9015,THT0020,630,2,No,1260.0,,,,147.0,1,1260,5,1,3,513,Potential Loyalists,3
Shopee,3554,1/2/2022 5:06,63219,Quemby Caldwell,927-3437 Praesent St.,98485,067-695-5147,THT0009,410,1,Yes,348.5,,,,146.0,1,410,5,1,1,511,Potential Loyalists,0
Call,6530,1/4/2022 6:06,68981,Oren Monroe,145-395 Pretium Avenue,62614,018-524-1299,THT0013,490,1,Yes,416.5,,,,144.0,1,490,5,1,1,511,Potential Loyalists,0
Lazada,9375,2/1/2022 16:05,87603,Roary Adkins,"P.O. Box 614, 9820 Eu Avenue",99514,031-635-9355,THT0018,590,3,Yes,1504.5,,,,116.0,1,1770,5,1,4,514,Long time Big Buy,2
Shopee,7076,2/2/2022 7:16,22549,Kimberly Harris,"8487 Amet, Rd.",21132,025-821-4637,THT0013,490,2,Yes,833.0,,,,115.0,1,980,5,1,2,512,Potential Loyalists,2
Shopee,4025,2/2/2022 11:42,30636,Jakeem Sanford,298-5920 Tristique St.,59451,061-818-8784,THT0012,470,2,Yes,799.0,,,,115.0,1,940,5,1,2,512,Potential Loyalists,2
Call,3436,2/2/2022 21:38,31490,Len Serrano,Ap #528-7772 Ut Road,83832,083-752-7774,THT0002,270,2,Yes,459.0,,,,115.0,1,540,5,1,1,511,Potential Loyalists,0
Facebook,5955,2/4/2022 7:08,42071,Joel Moody,Ap #816-3330 Sit Rd.,51195,053-078-7275,THT0019,610,2,No,1220.0,,,,113.0,1,1220,5,1,3,513,Potential Loyalists,2
Line,7567,3/1/2022 4:41,56944,Harding Finley,Ap #164-8389 Rutrum Avenue,51433,001-156-8597,THT0013,490,1,Yes,416.5,,,,88.0,1,490,5,1,1,511,Potential Loyalists,0
Lazada,1907,3/3/2022 6:47,36325,Jackson Ortiz,"P.O. Box 482, 2142 Vestibulum St.",52419,006-503-8782,THT0017,570,2,No,1140.0,,,,86.0,1,1140,5,1,3,513,Potential Loyalists,2
Lazada,8472,3/3/2022 18:21,58048,Nissim Whitaker,193-2840 Amet Ave,38563,025-819-4257,THT0014,510,2,Yes,867.0,,,,86.0,1,1020,5,1,2,512,Potential Loyalists,2
Line,2564,3/4/2022 5:30,25364,Uta Chaney,349 Donec Av.,67564,071-159-1114,THT0013,490,2,Yes,833.0,,,,85.0,1,980,5,1,2,512,Potential Loyalists,2
Shopee,4326,3/4/2022 19:02,93304,Brandon Buckley,587-5953 Libero Av.,22304,052-565-8703,THT0011,450,5,Yes,1912.5,,,,85.0,1,2250,5,1,5,515,Long time Big Buy,2
Facebook,8607,4/2/2022 11:57,82095,Yuli Hinton,1723 Arcu. Rd.,33231,068-287-4567,THT0004,310,2,No,620.0,,,,56.0,1,620,5,1,1,511,Potential Loyalists,2
Shopee,7106,5/1/2022 6:46,50109,Elmo Stone,Ap #933-4533 Ligula Avenue,74854,022-026-5261,THT0020,630,2,Yes,1071.0,,,,27.0,1,1260,5,1,3,513,Potential Loyalists,2
Line,3887,5/2/2022 0:13,51915,Katell Herrera,"P.O. Box 891, 8632 Ligula. Road",84193,048-748-2895,THT0014,510,3,No,1530.0,,,,26.0,1,1530,5,1,4,514,Long time Big Buy,2
Line,3838,5/2/2022 16:34,64144,Audra Sharpe,2253 Mauris Street,36142,038-116-8544,THT0019,610,2,No,1220.0,,,,26.0,1,1220,5,1,3,513,Potential Loyalists,2
Line,2667,5/3/2022 10:29,40218,Brock Hull,147-4616 Malesuada Avenue,81344,071-564-9696,THT0018,590,3,No,1770.0,,,,25.0,1,1770,5,1,4,514,Long time Big Buy,2
Line,2536,5/4/2022 1:27,53725,Alexis Hobbs,"P.O. Box 855, 123 Urna Av.",91485,034-079-8238,THT0006,350,3,No,1050.0,,,,24.0,1,1050,5,1,2,512,Potential Loyalists,2
Call,6955,5/4/2022 20:00,99553,Dexter Weaver,449-1393 Pharetra Road,40651,012-534-7548,THT0012,470,5,Yes,1997.5,,,,24.0,1,2350,5,1,5,515,Long time Big Buy,2
Lazada,9291,13/01/2021 06:49,43734,Velma Wagner,1178 Nec Ave,32717,032-674-1423,THT0019,610,1,Yes,518.5,,,,500.0,1,610,1,1,1,111,At Risk,0
Lazada,7328,13/02/2022 12:03,21381,Marcia Leblanc,8418 Sit Street,20483,045-996-2664,THT0005,330,3,No,990.0,,,,104.0,1,990,5,1,2,512,Potential Loyalists,2
Line,9790,13/03/2022 05:01,13261,Meghan Vargas,192-6375 Fermentum St.,75064,098-480-8397,THT0018,590,2,Yes,1003.0,,,,76.0,1,1180,5,1,3,513,Potential Loyalists,2
Shopee,4132,13/04/2022 07:53,37364,Gemma Kelley,965-5180 Duis Road,35616,072-463-5517,THT0004,310,2,Yes,527.0,,,,45.0,1,620,5,1,1,511,Potential Loyalists,2
Line,8605,13/04/2022 13:20,29712,Lavinia Bell,"P.O. Box 350, 9875 Phasellus Road",12092,027-277-0496,THT0012,470,3,Yes,1198.5,,,,45.0,1,1410,5,1,3,513,Potential Loyalists,2
Call,1912,13/05/2022 19:30,87648,Wade Fields,392-3080 Nulla Avenue,18283,030-986-3874,THT0009,410,4,Yes,1394.0,,,,15.0,1,1640,5,1,4,514,Long time Big Buy,2
Call,6878,13/06/2021 13:59,57433,Drew Walters,332-9443 Aliquam Street,41340,013-301-5730,THT0005,330,3,No,990.0,,,,349.0,1,990,2,1,2,212,At Risk,0
Lazada,3175,13/07/2021 00:18,44286,Yoshi May,Ap #693-7896 Pede Rd.,73188,016-665-8364,THT0001,250,2,Yes,425.0,,,,319.0,1,500,3,1,1,311,Potential Loyalists,0
Facebook,5706,13/07/2021 02:47,12183,Oprah Becker,Ap #567-648 Nunc St.,96932,044-653-1851,THT0009,410,4,No,1640.0,,,,319.0,1,1640,3,1,4,314,Long time Big Buy,3
Call,1513,13/07/2021 04:11,47726,Tatiana Sanders,268-213 Mauris St.,51318,012-710-1532,THT0013,490,5,Yes,2082.5,,,,319.0,1,2450,3,1,5,315,Long time Big Buy,3
Facebook,8428,13/07/2021 08:31,44780,Rhona Wright,171-2069 Nisi Rd.,74257,065-089-0908,THT0018,590,3,No,1770.0,,,,319.0,1,1770,3,1,4,314,Long time Big Buy,3
Call,3413,13/07/2021 14:05,30799,Marah Fuller,925-6732 Lorem Road,71114,081-971-3629,THT0004,310,4,Yes,1054.0,,,,319.0,1,1240,3,1,3,313,Potential Loyalists,3
Facebook,6559,13/08/2020 04:36,33175,Reese Gray,"8468 Augue, Rd.",21796,066-210-0850,THT0006,350,1,Yes,297.5,,,,653.0,1,350,1,1,1,111,At Risk,0
Call,1507,13/08/2020 15:36,16082,Sage Travis,"P.O. Box 184, 8979 Dis St.",17133,082-507-1014,THT0009,410,2,Yes,697.0,,,,653.0,1,820,1,1,2,112,At Risk,0
Shopee,3570,13/09/2021 08:34,41807,Keaton Wall,"P.O. Box 847, 3622 Massa St.",46655,010-275-8143,THT0004,310,4,Yes,1054.0,,,,257.0,1,1240,3,1,3,313,Potential Loyalists,3
Lazada,5548,13/10/2021 22:16,17443,Aquila Sargent,744-9981 Vitae Av.,71568,078-347-5618,THT0004,310,2,Yes,527.0,,,,227.0,1,620,4,1,1,411,Potential Loyalists,0
Line,2704,13/11/2021 00:55,12240,Brittany Bartlett,2794 Eu Av.,33821,015-056-2892,THT0005,330,5,Yes,1402.5,,,,196.0,1,1650,4,1,4,414,Long time Big Buy,3
Call,7369,13/11/2021 06:24,38034,Walker Malone,Ap #876-2479 Lacus. Ave,99781,075-907-1281,THT0008,390,1,Yes,331.5,,,,196.0,1,390,4,1,1,411,Potential Loyalists,0
Shopee,7795,13/11/2021 19:19,22846,Barrett Key,"P.O. Box 470, 9008 Faucibus Ave",74618,038-715-2554,THT0017,570,4,No,2280.0,,,,196.0,1,2280,4,1,5,415,Long time Big Buy,3
Shopee,8101,13/11/2021 21:03,31301,Kyra Lucas,681-4347 Dolor. Av.,35835,022-872-5201,THT0016,550,3,No,1650.0,,,,196.0,1,1650,4,1,4,414,Long time Big Buy,3
Call,3056,14/01/2022 22:16,26809,Lilah Hayes,690-2613 Aliquam Avenue,74848,054-835-5860,THT0006,350,2,Yes,595.0,,,,134.0,1,700,5,1,1,511,Potential Loyalists,0
Line,8161,14/02/2021 07:21,13197,Aphrodite Chaney,742-1436 Nulla Street,71554,047-334-7116,THT0015,530,4,Yes,1802.0,,,,468.0,1,2120,1,1,5,115,At Risk,3
Call,3019,14/02/2022 04:40,36849,Moana Dunlap,281-8309 Nulla Ave,29433,032-253-8125,THT0019,610,4,No,2440.0,,,,103.0,1,2440,5,1,5,515,Long time Big Buy,2
Call,7992,14/02/2022 19:26,61293,Baker Chang,533-1224 Eros Street,28031,052-125-7585,THT0010,430,2,Yes,731.0,,,,103.0,1,860,5,1,2,512,Potential Loyalists,2
Lazada,7968,14/04/2022 00:53,20396,Melvin Maxwell,"P.O. Box 189, 9779 Mauris Ave",52118,098-592-1393,THT0003,290,3,Yes,739.5,,,,44.0,1,870,5,1,2,512,Potential Loyalists,2
Line,5205,14/04/2022 06:47,85266,Felix Norris,"P.O. Box 848, 5666 Vulputate St.",72385,081-638-2126,THT0004,310,4,No,1240.0,,,,44.0,1,1240,5,1,3,513,Potential Loyalists,2
Shopee,4671,14/04/2022 20:26,70226,Kamal Coleman,670-3625 Erat St.,62861,026-871-2348,THT0003,290,3,Yes,739.5,,,,44.0,1,870,5,1,2,512,Potential Loyalists,2
Shopee,7736,14/06/2021 02:43,69423,Hope Mason,424-1730 Sociis Rd.,71738,066-357-9683,THT0003,290,3,No,870.0,,,,348.0,1,870,2,1,2,212,At Risk,0
Facebook,6418,14/06/2021 03:50,47558,Eve Ellison,366-6758 Diam. St.,53411,038-069-6831,THT0007,370,3,No,1110.0,,,,348.0,1,1110,2,1,2,212,At Risk,3
Facebook,9956,14/07/2021 01:12,44004,Dean Rojas,Ap #727-4119 Non Road,97299,099-525-0857,THT0012,470,3,Yes,1657.5,,,,318.0,2,3700,3,5,5,355,Loyal Customers,1
Facebook,9956,14/07/2021 01:12,44004,Dean Rojas,Ap #727-4119 Non Road,97299,099-525-0857,THT0012,470,3,Yes,1657.5,,,,318.0,2,3700,3,5,5,355,Loyal Customers,1
Facebook,9956,14/07/2021 01:12,44004,Dean Rojas,Ap #727-4119 Non Road,97299,099-525-0857,THT0012,470,3,Yes,1657.5,,,,318.0,2,3700,3,5,5,355,Loyal Customers,1
Facebook,9956,14/07/2021 01:12,44004,Dean Rojas,Ap #727-4119 Non Road,97299,099-525-0857,THT0012,470,3,Yes,1657.5,,,,318.0,2,3700,3,5,5,355,Loyal Customers,1
Facebook,9956,14/07/2021 01:12,44004,Dean Rojas,Ap #727-4119 Non Road,97299,099-525-0857,THT0002,270,2,Yes,1657.5,,,,318.0,2,3700,3,5,5,355,Loyal Customers,1
Facebook,9956,14/07/2021 01:12,44004,Dean Rojas,Ap #727-4119 Non Road,97299,099-525-0857,THT0002,270,2,Yes,1657.5,,,,318.0,2,3700,3,5,5,355,Loyal Customers,1
Facebook,9956,14/07/2021 01:12,44004,Dean Rojas,Ap #727-4119 Non Road,97299,099-525-0857,THT0002,270,2,Yes,1657.5,,,,318.0,2,3700,3,5,5,355,Loyal Customers,1
Facebook,9956,14/07/2021 01:12,44004,Dean Rojas,Ap #727-4119 Non Road,97299,099-525-0857,THT0002,270,2,Yes,1657.5,,,,318.0,2,3700,3,5,5,355,Loyal Customers,1
Facebook,7862,14/12/2021 10:06,88853,Giselle Page,881-3129 In St.,75782,017-621-2466,THT0005,330,1,No,330.0,,,,165.0,1,330,4,1,1,411,Potential Loyalists,0
Facebook,5045,14/12/2021 11:19,47301,Dolan Burton,"P.O. Box 546, 5262 Euismod St.",93227,081-182-3160,THT0006,350,3,Yes,892.5,,,,165.0,1,1050,4,1,2,412,Potential Loyalists,0
Call,9632,14/12/2021 22:56,97648,Malcolm Henry,5427 Tempus St.,95336,087-301-7915,THT0016,550,3,Yes,1402.5,,,,165.0,1,1650,4,1,4,414,Long time Big Buy,3
Shopee,9331,14/12/2021 22:58,87229,Alexa Cherry,Ap #709-721 Vitae Ave,70321,062-641-2543,THT0011,450,4,Yes,1530.0,,,,165.0,1,1800,4,1,4,414,Long time Big Buy,3
Call,1575,15/01/2021 14:53,41933,Liberty Clarke,464 Quam St.,55071,021-519-0776,THT0017,570,2,No,1140.0,,,,498.0,1,1140,1,1,3,113,At Risk,3
Facebook,7221,15/02/2022 21:45,88386,Hop Duncan,181-6913 Lacus. Ave,78865,085-757-3551,THT0005,330,4,Yes,1122.0,,,,102.0,1,1320,5,1,3,513,Potential Loyalists,2
Shopee,5346,15/03/2021 17:37,49076,Kiayada Saunders,4011 Odio. Ave,35453,064-392-3410,THT0005,330,3,Yes,841.5,,,,439.0,1,990,2,1,2,212,At Risk,0
Facebook,4921,15/04/2022 23:55,87725,Hedwig Jarvis,767-3235 Lorem Avenue,61776,025-723-6771,THT0017,570,1,No,570.0,,,,43.0,1,570,5,1,1,511,Potential Loyalists,2
Lazada,3345,15/05/2021 15:31,40817,Debra Sullivan,716-4116 Eros. Road,58874,075-463-6216,THT0005,330,1,No,330.0,,,,378.0,1,330,2,1,1,211,At Risk,0
Shopee,5943,15/06/2021 03:21,35996,Abraham Merritt,Ap #363-8356 Volutpat. Av.,94034,094-612-1803,THT0015,530,5,No,2650.0,,,,347.0,1,2650,2,1,5,215,At Risk,3
Line,4157,15/06/2021 23:15,68262,Bruce Whitaker,"P.O. Box 229, 5098 Suscipit Avenue",84777,052-289-1232,THT0011,450,2,Yes,765.0,,,,347.0,1,900,2,1,2,212,At Risk,0
Lazada,3493,15/07/2021 03:25,60134,Freya Schmidt,Ap #355-5669 Metus. Ave,67683,034-198-3538,THT0008,390,2,Yes,663.0,,,,317.0,1,780,3,1,2,312,Potential Loyalists,0
Call,8772,15/08/2021 20:41,77447,Maisie Heath,"P.O. Box 986, 1480 Et Road",66274,014-872-4798,THT0013,490,5,Yes,2082.5,,,,286.0,1,2450,3,1,5,315,Long time Big Buy,3
Call,4439,15/09/2021 11:45,99878,Ruth Boyer,Ap #413-5920 Risus. St.,31956,075-297-8183,THT0019,610,4,Yes,2074.0,,,,255.0,1,2440,3,1,5,315,Long time Big Buy,3
Call,1573,15/10/2021 18:42,43847,Kylie Patel,891-4417 Phasellus Avenue,44266,084-739-1466,THT0001,250,3,No,750.0,,,,225.0,1,750,4,1,2,412,Potential Loyalists,0
Line,4873,15/11/2020 06:38,91991,Catherine Lawson,Ap #149-3156 Mauris Street,83867,062-185-2591,THT0009,410,3,Yes,1045.5,,,,559.0,1,1230,1,1,3,113,At Risk,3
Lazada,1780,15/11/2020 17:49,51859,Emmanuel Albert,391-5567 A Rd.,46698,067-728-6649,THT0016,550,5,Yes,2337.5,,,,559.0,1,2750,1,1,5,115,At Risk,3
Facebook,3779,15/11/2020 21:53,74654,Orli Cantu,"Ap #198-1123 Quis, Rd.",62855,068-376-5333,THT0008,390,4,No,3760.0,,,,559.0,2,7520,1,5,5,155,At Risk,1
Facebook,3779,15/11/2020 21:53,74654,Orli Cantu,"Ap #198-1123 Quis, Rd.",62855,068-376-5333,THT0008,390,4,No,3760.0,,,,559.0,2,7520,1,5,5,155,At Risk,1
Facebook,3779,15/11/2020 21:53,74654,Orli Cantu,"Ap #198-1123 Quis, Rd.",62855,068-376-5333,THT0008,390,4,No,3760.0,,,,194.0,2,7520,4,5,5,455,Champions,1
Facebook,3779,15/11/2020 21:53,74654,Orli Cantu,"Ap #198-1123 Quis, Rd.",62855,068-376-5333,THT0008,390,4,No,3760.0,,,,194.0,2,7520,4,5,5,455,Champions,1
Facebook,3779,15/11/2021 21:53,74654,Orli Cantu,"Ap #198-1123 Quis, Rd.",62855,068-376-5333,THT0016,550,4,No,3760.0,,,,559.0,2,7520,1,5,5,155,At Risk,1
Facebook,3779,15/11/2021 21:53,74654,Orli Cantu,"Ap #198-1123 Quis, Rd.",62855,068-376-5333,THT0016,550,4,No,3760.0,,,,559.0,2,7520,1,5,5,155,At Risk,1
Facebook,3779,15/11/2021 21:53,74654,Orli Cantu,"Ap #198-1123 Quis, Rd.",62855,068-376-5333,THT0016,550,4,No,3760.0,,,,194.0,2,7520,4,5,5,455,Champions,1
Facebook,3779,15/11/2021 21:53,74654,Orli Cantu,"Ap #198-1123 Quis, Rd.",62855,068-376-5333,THT0016,550,4,No,3760.0,,,,194.0,2,7520,4,5,5,455,Champions,1
Facebook,3995,15/12/2021 03:47,78582,Colin Reed,190-2731 Vel Ave,51681,067-252-1611,THT0008,390,3,Yes,994.5,,,,164.0,1,1170,4,1,3,413,Potential Loyalists,3
Facebook,2056,16/03/2022 05:28,12723,Nell Higgins,Ap #665-7904 Eu Ave,39842,078-716-1342,THT0013,490,3,No,1470.0,,,,73.0,1,1470,5,1,3,513,Potential Loyalists,2
Line,8073,16/04/2021 00:24,91316,Randall Fisher,209-9743 Suspendisse Rd.,37212,016-270-1828,THT0016,550,5,Yes,2337.5,,,,407.0,1,2750,2,1,5,215,At Risk,3
Call,2906,16/04/2022 17:32,85229,Wesley Sweet,Ap #449-3403 Ut Rd.,76215,024-758-7322,THT0005,330,4,No,1320.0,,,,42.0,1,1320,5,1,3,513,Potential Loyalists,2
Shopee,8573,16/05/2021 19:36,48504,Malik Dejesus,Ap #768-6522 Donec Av.,73759,050-742-6260,THT0010,430,5,Yes,1827.5,,,,377.0,1,2150,2,1,5,215,At Risk,3
Call,7863,16/07/2021 10:21,22656,Maxine Rodriquez,Ap #982-9918 Libero St.,71236,029-320-4735,THT0020,630,3,Yes,1606.5,,,,316.0,1,1890,3,1,4,314,Long time Big Buy,3
Lazada,7812,16/07/2021 19:09,63300,Christopher Howe,362-495 Tincidunt Rd.,49425,064-524-5458,THT0016,550,5,Yes,2337.5,,,,316.0,1,2750,3,1,5,315,Long time Big Buy,3
Call,8382,16/08/2021 02:33,35238,Dora Mckenzie,"Ap #994-5053 Enim, Av.",57438,086-747-2617,THT0011,450,3,Yes,1147.5,,,,285.0,1,1350,3,1,3,313,Potential Loyalists,3
Line,6244,16/08/2021 23:28,61558,Inga Massey,"P.O. Box 303, 8661 Donec Road",43002,063-166-6226,THT0019,610,1,Yes,518.5,,,,285.0,1,610,3,1,1,311,Potential Loyalists,0
Call,3626,16/09/2021 00:18,67501,Tate Douglas,Ap #934-7541 Lacus. Street,84918,009-331-3172,THT0013,490,1,Yes,416.5,,,,254.0,1,490,3,1,1,311,Potential Loyalists,0
Facebook,8013,16/10/2021 02:43,22343,Alea Shields,"258-3029 Elementum, Av.",63158,066-398-5949,THT0009,410,4,Yes,1394.0,,,,224.0,1,1640,4,1,4,414,Long time Big Buy,3
Call,3463,16/10/2021 11:19,47277,Jack Hurley,224-7129 Dolor Av.,83583,061-824-0078,THT0016,550,4,Yes,1870.0,,,,224.0,1,2200,4,1,5,415,Long time Big Buy,3
Facebook,7868,16/10/2021 14:58,88329,Ali Mcconnell,"P.O. Box 540, 388 Sit Av.",52133,073-842-1786,THT0014,510,4,No,2040.0,,,,224.0,1,2040,4,1,5,415,Long time Big Buy,3
Shopee,3086,16/10/2021 17:14,89780,Heather Reyes,221-3066 Amet Av.,81913,088-515-4722,THT0016,550,2,No,1100.0,,,,224.0,1,1100,4,1,2,412,Potential Loyalists,0
Shopee,3308,16/10/2021 19:05,60984,Devin Simmons,Ap #187-6891 Nunc. Ave,55722,008-867-8119,THT0009,410,3,No,1230.0,,,,224.0,1,1230,4,1,3,413,Potential Loyalists,3
Line,7967,16/12/2021 10:23,37218,Maite Foreman,"588-6234 Vel, Avenue",75794,096-573-2128,THT0007,370,4,No,1480.0,,,,163.0,1,1480,4,1,3,413,Potential Loyalists,3
Call,9292,17/01/2022 20:34,37720,Fritz Kelly,Ap #539-1463 Integer St.,36750,082-948-1601,THT0002,270,2,Yes,459.0,,,,131.0,1,540,5,1,1,511,Potential Loyalists,0
Facebook,6082,17/02/2022 13:04,80992,Clio Marsh,Ap #735-6700 Mattis. Av.,30359,036-248-2855,THT0016,550,5,No,2750.0,,,,100.0,1,2750,5,1,5,515,Long time Big Buy,2
Call,5887,17/02/2022 15:13,53036,Clayton Tucker,1444 Ut Rd.,28018,050-586-6146,THT0017,570,4,No,2280.0,,,,100.0,1,2280,5,1,5,515,Long time Big Buy,2
Shopee,2963,17/03/2022 01:06,66946,Grace Cash,"P.O. Box 427, 4620 Cras Avenue",53452,058-815-1751,THT0009,410,4,Yes,1394.0,,,,72.0,1,1640,5,1,4,514,Long time Big Buy,2
Facebook,9761,17/03/2022 15:42,55868,Zephr Mcdaniel,262 Donec St.,80128,042-886-3010,THT0011,450,3,Yes,1147.5,,,,72.0,1,1350,5,1,3,513,Potential Loyalists,2
Lazada,8858,17/04/2022 16:25,34860,Clarke Orr,"806-4495 Quis, Rd.",10396,013-636-2358,THT0010,430,4,No,1720.0,,,,41.0,1,1720,5,1,4,514,Long time Big Buy,2
Lazada,3148,17/04/2022 17:50,65605,Dominic Smith,824-6407 Mus. Ave,71283,043-612-2123,THT0013,490,3,Yes,1249.5,,,,41.0,1,1470,5,1,3,513,Potential Loyalists,2
Lazada,8742,17/04/2022 18:28,23754,Solomon Cain,8772 Enim Rd.,92941,042-736-3838,THT0014,510,3,No,1530.0,,,,41.0,1,1530,5,1,4,514,Long time Big Buy,2
Facebook,2948,17/05/2021 06:17,31367,Xyla Porter,"P.O. Box 422, 5491 Sem Road",21152,037-434-9265,THT0017,570,4,No,2280.0,,,,376.0,1,2280,2,1,5,215,At Risk,3
Lazada,5752,17/06/2021 09:08,67860,Savannah Alford,"P.O. Box 305, 6002 Mi Rd.",71645,048-827-6887,THT0005,330,5,No,1650.0,,,,345.0,1,1650,2,1,4,214,At Risk,3
Facebook,6005,17/07/2021 07:14,65099,Lacota Perry,830-9342 Vel Avenue,33641,055-253-4163,THT0006,350,1,No,350.0,,,,315.0,1,350,3,1,1,311,Potential Loyalists,0
Call,3657,17/07/2021 07:54,85214,Harlan Woodward,681-9508 Convallis St.,94685,021-119-7975,THT0016,550,2,No,1100.0,,,,315.0,1,1100,3,1,2,312,Potential Loyalists,0
Facebook,9305,17/07/2021 17:42,80389,Lawrence Barnes,2543 Gravida Rd.,95626,015-992-3310,THT0002,270,3,No,810.0,,,,315.0,1,810,3,1,2,312,Potential Loyalists,0
Line,2786,17/08/2021 04:16,79852,Amela Silva,7702 Sed Street,96628,035-402-5918,THT0008,390,2,No,780.0,,,,284.0,1,780,3,1,2,312,Potential Loyalists,0
Call,9520,17/08/2021 12:47,76587,Maggy Gross,Ap #600-546 Ipsum Road,21180,086-847-5574,THT0002,270,1,Yes,229.5,,,,284.0,1,270,3,1,1,311,Potential Loyalists,0
Line,1706,17/09/2021 13:12,40464,Mason Padilla,"P.O. Box 931, 806 Nunc Road",29688,043-945-6235,THT0016,550,5,Yes,2337.5,,,,253.0,1,2750,3,1,5,315,Long time Big Buy,3
Call,4876,17/10/2021 23:44,63747,Dale Black,Ap #367-2103 Sociis St.,23693,096-393-7384,THT0014,510,1,No,510.0,,,,223.0,1,510,4,1,1,411,Potential Loyalists,0
Call,8957,17/11/2021 02:46,43105,Heidi Holder,354-2352 Est. St.,60896,077-884-1282,THT0010,430,3,Yes,1096.5,,,,192.0,1,1290,4,1,3,413,Potential Loyalists,3
Facebook,7634,17/11/2021 19:26,28763,Nomlanga Faulkner,"P.O. Box 619, 2912 Libero Street",88866,076-474-6825,THT0005,330,1,No,330.0,,,,192.0,1,330,4,1,1,411,Potential Loyalists,0
Call,8386,17/12/2021 05:35,51316,Lev Warren,"P.O. Box 469, 9411 Ipsum Rd.",62031,068-289-7752,THT0009,410,4,Yes,1394.0,,,,162.0,1,1640,4,1,4,414,Long time Big Buy,3
Line,9707,17/12/2021 11:25,54428,Hollee Morales,2737 Per Av.,79542,018-623-2631,THT0006,350,1,No,350.0,,,,162.0,1,350,4,1,1,411,Potential Loyalists,0
Line,7395,18/01/2022 02:12,52402,Quamar Horton,376-5873 Risus Ave,75851,046-208-7781,THT0009,410,1,Yes,348.5,,,,130.0,1,410,5,1,1,511,Potential Loyalists,0
Lazada,7288,18/02/2021 18:10,45921,Ashely Maynard,954-2664 Cursus Rd.,21438,024-782-1152,THT0009,410,5,Yes,1742.5,,,,464.0,1,2050,1,1,5,115,At Risk,3
Shopee,8986,18/02/2021 20:21,76418,Eugenia Romero,871 Interdum. Street,43483,042-692-2077,THT0006,350,5,Yes,1487.5,,,,464.0,1,1750,1,1,4,114,At Risk,3
Line,2943,18/02/2022 15:30,45954,Kiayada Greene,518-6438 Enim. Ave,43063,017-475-2861,THT0015,530,1,No,530.0,,,,99.0,1,530,5,1,1,511,Potential Loyalists,0
Call,2888,18/03/2021 05:57,87425,Ulla Vaughn,"P.O. Box 522, 3721 Ipsum Street",26676,032-953-8301,THT0015,530,5,Yes,2252.5,,,,436.0,1,2650,2,1,5,215,At Risk,3
Line,2668,18/04/2021 17:08,16523,Charles Haley,"Ap #300-3406 Dolor, Street",21788,033-873-3952,THT0012,470,4,No,1880.0,,,,405.0,1,1880,2,1,4,214,At Risk,3
Facebook,4988,18/05/2021 05:26,17190,Alexander Sims,Ap #242-2940 Nisl Avenue,38094,047-636-3747,THT0013,490,1,No,490.0,,,,375.0,1,490,2,1,1,211,At Risk,0
Lazada,7974,18/05/2021 09:50,76548,Jason Barton,Ap #281-7913 Elit Avenue,65471,052-465-6868,THT0011,450,1,No,450.0,,,,375.0,1,450,2,1,1,211,At Risk,0
Lazada,7199,18/06/2020 04:09,88454,Audrey Ford,2369 Metus Rd.,86998,022-724-3336,THT0011,450,3,Yes,1147.5,,,,709.0,1,1350,1,1,3,113,At Risk,3
Lazada,4179,18/06/2020 04:39,63159,Sheila Blanchard,7671 Semper St.,11919,040-150-6271,THT0012,470,2,Yes,799.0,,,,709.0,1,940,1,1,2,112,At Risk,0
Shopee,6575,18/06/2020 15:47,36783,Bryar Sellers,Ap #351-9216 Sollicitudin Road,56009,046-306-4117,THT0012,470,2,Yes,799.0,,,,709.0,1,940,1,1,2,112,At Risk,0
Line,4026,18/08/2020 06:24,90777,Alec Fitzgerald,Ap #918-591 Tristique Rd.,90202,043-661-8523,THT0018,590,2,No,1180.0,,,,648.0,1,1180,1,1,3,113,At Risk,3
Line,6312,18/08/2020 19:48,76686,Erin Mcleod,884-7553 Phasellus Rd.,43459,016-722-7874,THT0002,270,2,Yes,459.0,,,,648.0,1,540,1,1,1,111,At Risk,0
Call,2065,18/09/2021 02:25,84566,Fitzgerald Mccray,462-5147 Pede Avenue,82194,012-732-9760,THT0015,530,3,No,1590.0,,,,252.0,1,1590,3,1,4,314,Long time Big Buy,3
Call,9986,18/09/2021 17:32,97578,Nicholas Holt,Ap #733-1035 Est. Road,42676,075-516-3278,THT0015,530,3,No,1590.0,,,,252.0,1,1590,3,1,4,314,Long time Big Buy,3
Lazada,1647,18/10/2021 02:25,87272,Brenda Mckee,"P.O. Box 977, 7251 Vivamus Rd.",60925,013-016-4635,THT0015,530,2,Yes,901.0,,,,222.0,1,1060,4,1,2,412,Potential Loyalists,0
Shopee,5009,18/11/2021 21:19,73263,Maya Little,198-5562 Ac Ave,78318,059-627-5257,THT0020,630,3,No,1890.0,,,,191.0,1,1890,4,1,4,414,Long time Big Buy,3
Line,7773,18/11/2021 23:40,72755,Nash Foreman,Ap #527-5838 Mauris. Road,10533,082-338-5544,THT0012,470,4,Yes,1598.0,,,,191.0,1,1880,4,1,4,414,Long time Big Buy,3
Lazada,5456,19/01/2021 21:35,36708,Violet Hansen,115-5033 Blandit Rd.,74892,074-233-3812,THT0001,250,4,No,1000.0,,,,494.0,1,1000,1,1,2,112,At Risk,0
Call,8596,19/01/2022 13:47,54805,Marsden Lott,"P.O. Box 433, 4176 Quis, Avenue",88953,082-033-5221,THT0009,410,2,Yes,697.0,,,,129.0,1,820,5,1,2,512,Potential Loyalists,0
Call,3482,19/02/2022 03:39,32980,Glenna Newman,142-8452 Pede Street,36717,001-727-1213,THT0014,510,3,Yes,1300.5,,,,98.0,1,1530,5,1,4,514,Long time Big Buy,2
Lazada,1113,19/02/2022 10:24,51563,Gil Mccullough,Ap #798-223 Lorem Road,38758,043-784-9973,THT0002,270,2,Yes,459.0,,,,98.0,1,540,5,1,1,511,Potential Loyalists,0
Facebook,3073,19/03/2022 08:47,85084,Quynn Atkinson,Ap #298-6379 Ridiculus Ave,55384,055-608-1576,THT0008,390,4,No,1560.0,,,,70.0,1,1560,5,1,4,514,Long time Big Buy,2
Lazada,2269,19/03/2022 15:25,59505,Clinton Garza,"P.O. Box 243, 6657 Consectetuer Av.",42178,083-112-8573,THT0009,410,5,No,2050.0,,,,70.0,1,2050,5,1,5,515,Long time Big Buy,2
Shopee,7350,19/04/2022 16:43,31895,Kylie Mclean,513 Integer Rd.,38331,035-863-8144,THT0020,630,4,No,2520.0,,,,39.0,1,2520,5,1,5,515,Long time Big Buy,2
Lazada,4419,19/04/2022 18:59,20557,Zeph Rowe,"P.O. Box 601, 1695 Pulvinar Rd.",45881,097-764-6332,THT0001,250,3,No,750.0,,,,39.0,1,750,5,1,2,512,Potential Loyalists,2
Call,6690,19/06/2021 04:24,88742,Iona Joyce,"P.O. Box 778, 1043 Purus, St.",34368,065-911-7107,THT0011,450,2,No,900.0,,,,343.0,1,900,2,1,2,212,At Risk,0
Lazada,3496,19/06/2021 11:08,43310,Zeus Callahan,852-4243 Sagittis. Rd.,16614,024-668-3295,THT0019,610,3,No,1830.0,,,,343.0,1,1830,2,1,4,214,At Risk,3
Shopee,3594,19/06/2021 12:58,17054,Lacy Mcintyre,6440 Egestas. Av.,34695,080-204-6256,THT0011,450,1,No,450.0,,,,343.0,1,450,2,1,1,211,At Risk,0
Lazada,1243,19/07/2021 16:20,79505,Cedric Albert,"P.O. Box 131, 5242 Nec, Ave",21782,084-313-9384,THT0007,370,1,Yes,314.5,,,,313.0,1,370,3,1,1,311,Potential Loyalists,0
Lazada,8466,19/08/2021 16:21,33935,Ginger Bright,6596 Donec St.,43243,012-883-5749,THT0010,430,1,Yes,365.5,,,,282.0,1,430,3,1,1,311,Potential Loyalists,0
Lazada,4722,19/09/2021 08:09,74741,Carly Herman,666-5552 Quisque Av.,70838,069-834-5712,THT0002,270,4,Yes,918.0,,,,251.0,1,1080,3,1,2,312,Potential Loyalists,0
Lazada,4573,19/10/2021 12:41,12545,Jaquelyn Manning,625-1543 Libero St.,71744,002-789-3014,THT0005,330,5,Yes,1402.5,,,,221.0,1,1650,4,1,4,414,Long time Big Buy,3
Call,7509,19/10/2021 18:51,19776,Aiko Dudley,278-7039 Proin Rd.,76748,041-861-1673,THT0011,450,1,No,450.0,,,,221.0,1,450,4,1,1,411,Potential Loyalists,0
Line,4715,19/12/2021 15:24,93847,Peter Jensen,758-1564 Felis. Rd.,28726,073-540-2230,THT0003,290,4,No,1160.0,,,,160.0,1,1160,4,1,3,413,Potential Loyalists,3
Line,1861,20/01/2022 05:29,50230,Jin Hahn,Ap #549-9317 Parturient Rd.,57141,008-846-2138,THT0003,290,4,Yes,986.0,,,,128.0,1,1160,5,1,3,513,Potential Loyalists,2
Shopee,8121,20/02/2022 13:03,20201,Yetta Gentry,"P.O. Box 438, 743 Vitae Street",71533,060-098-5184,THT0001,250,5,No,1250.0,,,,97.0,1,1250,5,1,3,513,Potential Loyalists,2
Shopee,9908,20/02/2022 18:18,56218,Noble Morrow,"P.O. Box 188, 4809 Faucibus Rd.",44501,094-590-2045,THT0006,350,4,Yes,1190.0,,,,97.0,1,1400,5,1,3,513,Potential Loyalists,2
Call,1904,20/04/2022 20:25,63123,Ezra Lowery,"P.O. Box 964, 4448 Mollis Rd.",68114,011-128-5657,THT0018,590,4,No,2360.0,,,,38.0,1,2360,5,1,5,515,Long time Big Buy,2
Lazada,1232,20/04/2022 20:44,36944,Sheila Maddox,Ap #795-3957 Lacus. Road,76755,067-732-4716,THT0020,630,3,Yes,1606.5,,,,38.0,1,1890,5,1,4,514,Long time Big Buy,2
Lazada,2390,20/05/2021 13:18,66526,Ella Fitzpatrick,4859 Sociis Rd.,98742,065-106-6711,THT0012,470,4,Yes,1598.0,,,,373.0,1,1880,2,1,4,214,At Risk,3
Line,8777,20/06/2021 00:48,33006,Paki Avila,Ap #142-7662 Egestas St.,71248,086-265-3586,THT0008,390,3,No,1170.0,,,,342.0,1,1170,2,1,3,213,At Risk,3
Line,1717,20/06/2021 09:11,55492,Jasper Mullen,"P.O. Box 681, 5403 Erat St.",20063,046-577-1782,THT0007,370,2,No,740.0,,,,342.0,1,740,2,1,2,212,At Risk,0
Call,9518,20/06/2021 13:33,61318,Paloma Acevedo,249-6216 Nulla Av.,21984,066-477-7770,THT0016,550,3,No,1650.0,,,,342.0,1,1650,2,1,4,214,At Risk,3
Facebook,5969,20/06/2021 20:11,58013,Hyacinth Simpson,Ap #960-9390 Orci. Road,78605,018-132-9748,THT0003,290,2,No,580.0,,,,342.0,1,580,2,1,1,211,At Risk,0
Call,3767,20/06/2021 20:21,32419,Asher Rivera,332-9857 Suspendisse Road,42627,061-673-9272,THT0016,550,2,Yes,935.0,,,,342.0,1,1100,2,1,2,212,At Risk,0
Line,6025,20/07/2021 08:59,60890,Reed Austin,5970 Eu Rd.,53336,022-221-8147,THT0020,630,4,Yes,2142.0,,,,312.0,1,2520,3,1,5,315,Long time Big Buy,3
Shopee,1951,20/07/2021 17:04,16494,Keith Bartlett,Ap #955-1561 Cras Avenue,54527,083-167-3411,THT0019,610,3,No,1830.0,,,,312.0,1,1830,3,1,4,314,Long time Big Buy,3
Lazada,4793,20/08/2021 20:31,45327,Chaney Boone,630-3343 Donec Av.,20351,007-864-7626,THT0012,470,3,No,1410.0,,,,281.0,1,1410,3,1,3,313,Potential Loyalists,3
Call,8309,20/09/2021 19:32,76134,Chester Charles,"P.O. Box 425, 7742 Velit St.",58835,012-898-7572,THT0001,250,5,Yes,1062.5,,,,250.0,1,1250,3,1,3,313,Potential Loyalists,3
Call,2511,20/10/2020 10:40,29393,Anjolie Hays,292-2882 Tellus Rd.,55774,018-825-3897,THT0009,410,5,No,2050.0,,,,585.0,1,2050,1,1,5,115,At Risk,3
Shopee,6972,20/10/2020 11:56,18584,Gary Atkinson,"P.O. Box 611, 5057 In St.",95289,057-377-5424,THT0014,510,4,Yes,1734.0,,,,585.0,1,2040,1,1,5,115,At Risk,3
Facebook,3829,20/12/2021 23:58,38309,Silas Douglas,Ap #269-4288 Convallis Av.,85549,079-517-3404,THT0011,450,4,No,1800.0,,,,159.0,1,1800,4,1,4,414,Long time Big Buy,3
Lazada,6119,21/04/2022 11:06,77365,Ferdinand Grant,Ap #990-1221 Nibh Av.,68861,083-558-5263,THT0018,590,4,Yes,2006.0,,,,37.0,1,2360,5,1,5,515,Long time Big Buy,2
Lazada,8524,21/05/2021 20:51,39302,Grant Aguirre,Ap #348-1054 Ante Road,73353,084-318-4454,THT0006,350,4,No,1400.0,,,,372.0,1,1400,2,1,3,213,At Risk,3
Call,9511,21/06/2021 14:03,80633,Felicia Clarke,802-9638 Aliquam Road,55966,044-167-6866,THT0006,350,1,No,350.0,,,,341.0,1,350,2,1,1,211,At Risk,0
Call,4157,21/06/2021 16:13,27516,Kiara Patterson,3077 Tellus Rd.,82367,082-814-1791,THT0003,290,3,No,870.0,,,,341.0,1,870,2,1,2,212,At Risk,0
Shopee,7197,21/06/2021 19:01,14185,Clementine Banks,553-200 Cubilia Ave,67310,036-557-0727,THT0012,470,3,No,1410.0,,,,341.0,1,1410,2,1,3,213,At Risk,3
Line,1629,21/06/2021 22:27,19395,Cullen Frye,"P.O. Box 965, 8759 Tortor Street",73672,083-364-4834,THT0003,290,5,Yes,1232.5,,,,341.0,1,1450,2,1,3,213,At Risk,3
Shopee,3076,21/08/2021 20:36,76123,Nadine Aguirre,"4347 Amet, Avenue",54877,056-863-8766,THT0015,530,3,Yes,1351.5,,,,280.0,1,1590,3,1,4,314,Long time Big Buy,3
Call,4102,21/09/2021 06:48,14402,Blaze Kaufman,Ap #299-5827 Egestas Av.,46164,027-164-5826,THT0002,270,5,Yes,1147.5,,,,249.0,1,1350,3,1,3,313,Potential Loyalists,3
Facebook,4479,21/11/2021 00:59,43015,Isabella Charles,"235-5431 Lorem, Av.",99868,052-658-5265,THT0018,590,4,No,2360.0,,,,188.0,1,2360,4,1,5,415,Long time Big Buy,3
Lazada,3878,21/12/2021 04:44,99032,Byron Tyson,"P.O. Box 919, 9937 Maecenas Ave",33642,067-187-5651,THT0019,610,1,Yes,518.5,,,,158.0,1,610,4,1,1,411,Potential Loyalists,0
Facebook,4440,21/12/2021 09:47,93270,Sydney Walter,735-5225 Adipiscing Ave,92221,090-259-7486,THT0003,290,2,No,580.0,,,,158.0,1,580,4,1,1,411,Potential Loyalists,0
Shopee,1552,22/02/2022 02:16,36986,Willa Shannon,"1767 Non, Avenue",34249,008-764-2186,THT0009,410,2,No,820.0,,,,95.0,1,820,5,1,2,512,Potential Loyalists,2
Shopee,5993,22/02/2022 04:39,43595,John Stuart,Ap #789-6734 Nascetur Av.,23326,051-266-7292,THT0018,590,2,No,1180.0,,,,95.0,1,1180,5,1,3,513,Potential Loyalists,2
Lazada,2770,22/06/2021 18:36,89382,Cameron Greene,Ap #664-2817 Tincidunt Ave,64621,013-312-8668,THT0017,570,3,Yes,1453.5,,,,340.0,1,1710,2,1,4,214,At Risk,3
Lazada,7881,22/07/2021 16:07,94837,Conan Beard,"P.O. Box 865, 9324 Nunc Av.",76496,047-348-8428,THT0001,250,5,No,1250.0,,,,310.0,1,1250,3,1,3,313,Potential Loyalists,3
Lazada,5845,22/08/2020 00:51,89406,Jordan Harmon,"453-3939 A, Street",49408,002-738-0132,THT0014,510,3,Yes,1300.5,,,,644.0,1,1530,1,1,4,114,At Risk,3
Facebook,8745,22/08/2021 14:28,51826,TaShya Ayala,640-2915 Elementum Rd.,94103,009-668-8042,THT0014,510,1,Yes,433.5,,,,279.0,1,510,3,1,1,311,Potential Loyalists,0
Call,9851,22/10/2021 11:54,62136,Theodore Franco,"P.O. Box 622, 943 Ac Avenue",13620,089-154-1310,THT0009,410,3,No,1230.0,,,,218.0,1,1230,4,1,3,413,Potential Loyalists,3
Facebook,3065,22/10/2021 15:53,50179,Igor Summers,9344 Sit St.,96196,067-436-0175,THT0002,270,4,No,1080.0,,,,218.0,1,1080,4,1,2,412,Potential Loyalists,0
Lazada,4837,22/11/2021 04:50,41544,Aretha Noble,"P.O. Box 553, 4741 Velit. Rd.",37546,072-165-8265,THT0013,490,2,No,980.0,,,,187.0,1,980,4,1,2,412,Potential Loyalists,0
Facebook,2767,22/11/2021 06:53,62629,Dylan Logan,6570 Ligula Street,45356,081-366-5215,THT0013,490,4,No,1960.0,,,,187.0,1,1960,4,1,5,415,Long time Big Buy,3
Call,7340,22/11/2021 20:36,98275,Vivien Solomon,Ap #433-4860 Et Road,17335,058-413-9449,THT0010,430,3,Yes,1096.5,,,,187.0,1,1290,4,1,3,413,Potential Loyalists,3
Line,3364,22/12/2021 00:53,47836,Barrett Black,887-6931 Commodo Av.,21717,037-022-3897,THT0018,590,5,Yes,2507.5,,,,157.0,1,2950,4,1,5,415,Long time Big Buy,3
Call,3198,23/03/2022 09:38,80849,Graham Spencer,"P.O. Box 541, 1029 Nunc Ave",96686,031-814-7267,THT0003,290,4,Yes,986.0,,,,66.0,1,1160,5,1,3,513,Potential Loyalists,2
Facebook,9801,23/04/2022 04:53,56754,Allistair Davidson,"6254 Ante, Rd.",91775,087-297-1206,THT0012,470,4,Yes,1598.0,,,,35.0,1,1880,5,1,4,514,Long time Big Buy,2
Lazada,3635,23/04/2022 11:41,69302,Emmanuel Stephenson,"328-1195 Mi, Rd.",94619,037-026-6153,THT0008,390,4,Yes,1326.0,,,,35.0,1,1560,5,1,4,514,Long time Big Buy,2
Line,4300,23/04/2022 15:05,77462,Paula Thomas,Ap #647-8591 Donec Rd.,86283,066-644-9415,THT0005,330,3,No,990.0,,,,35.0,1,990,5,1,2,512,Potential Loyalists,2
Shopee,8998,23/05/2021 10:39,33829,Philip Curry,717-7495 Risus Road,54281,024-414-4287,THT0020,630,3,No,1890.0,,,,370.0,1,1890,2,1,4,214,At Risk,3
Facebook,8154,23/06/2021 08:55,67754,Quyn Simon,"842-2546 Lacus, Ave",83895,064-149-8888,THT0001,250,3,No,750.0,,,,339.0,1,750,3,1,2,312,Potential Loyalists,0
Line,9929,23/06/2021 18:02,19699,Philip Huffman,Ap #707-4328 Neque. Rd.,36902,087-158-8872,THT0004,310,1,No,310.0,,,,339.0,1,310,3,1,1,311,Potential Loyalists,0
Line,1137,23/06/2021 23:20,16735,Coby Long,184-4543 Sagittis Road,68837,088-147-8930,THT0013,490,5,Yes,2082.5,,,,339.0,1,2450,3,1,5,315,Long time Big Buy,3
Line,3525,23/07/2021 09:25,71376,Alexander Holland,"4112 Non, St.",93647,072-727-5104,THT0016,550,1,Yes,467.5,,,,309.0,1,550,3,1,1,311,Potential Loyalists,0
Lazada,3910,23/07/2021 12:10,30039,Zane Campos,"P.O. Box 322, 6805 Justo Road",61386,092-077-9210,THT0004,310,2,No,620.0,,,,309.0,1,620,3,1,1,311,Potential Loyalists,0
Call,7761,23/08/2020 22:57,76831,Quyn Chaney,Ap #531-5129 Sem. Rd.,21337,038-337-8866,THT0014,510,5,No,2550.0,,,,643.0,1,2550,1,1,5,115,At Risk,3
Lazada,9501,23/09/2020 02:42,83031,Forrest Johns,670-6492 Cursus Street,72484,081-692-2463,THT0006,350,3,No,1050.0,,,,612.0,1,1050,1,1,2,112,At Risk,0
Shopee,9868,23/09/2020 05:40,94042,Nigel Stephens,"P.O. Box 500, 5032 Iaculis Av.",89807,086-445-3247,THT0014,510,4,No,2040.0,,,,612.0,1,2040,1,1,5,115,At Risk,3
Line,8034,23/10/2021 06:31,17452,Matthew Bell,1050 Curabitur Rd.,42843,026-968-1114,THT0003,290,3,Yes,739.5,,,,217.0,1,870,4,1,2,412,Potential Loyalists,0
Call,4363,23/11/2021 16:36,77293,Kylie Dean,207-601 Ad Road,86175,077-217-3738,THT0009,410,2,Yes,697.0,,,,186.0,1,820,4,1,2,412,Potential Loyalists,0
Line,3158,23/12/2021 15:08,82381,Shea Frye,1078 Aliquam Ave,65633,070-770-6042,THT0009,410,3,Yes,1045.5,,,,156.0,1,1230,4,1,3,413,Potential Loyalists,3
Lazada,9349,24/02/2021 10:49,91297,Cherokee Moss,"P.O. Box 416, 8468 Fusce Rd.",56557,010-752-6076,THT0009,410,4,No,1640.0,,,,458.0,1,1640,1,1,4,114,At Risk,3
Call,4026,24/05/2020 06:35,19707,Rhonda Bolton,152-8798 Tristique Avenue,84498,023-408-4883,THT0007,370,3,No,1110.0,,,,734.0,1,1110,1,1,2,112,At Risk,3
Shopee,8497,24/05/2021 11:04,37838,Fuller Harding,Ap #950-7971 Est Street,99722,026-985-1949,THT0007,370,2,Yes,629.0,,,,369.0,1,740,2,1,2,212,At Risk,0
Line,2845,24/06/2021 05:27,41781,Hunter Sanchez,264-4347 Libero. Road,33250,023-092-6324,THT0011,450,2,No,900.0,,,,338.0,1,900,3,1,2,312,Potential Loyalists,0
Call,2647,24/07/2021 06:00,30129,Claudia Browning,Ap #640-3405 Feugiat Street,75245,096-670-0622,THT0018,590,2,Yes,1003.0,,,,308.0,1,1180,3,1,3,313,Potential Loyalists,3
Facebook,9467,24/08/2021 14:26,49080,Hilda Pate,882-7636 Ad St.,43640,066-722-1547,THT0019,610,4,Yes,2074.0,,,,277.0,1,2440,3,1,5,315,Long time Big Buy,3
Call,9890,24/09/2020 08:33,11554,Eagan Garza,"P.O. Box 895, 4322 Luctus Road",75553,079-238-3059,THT0004,310,2,No,620.0,,,,611.0,1,620,1,1,1,111,At Risk,0
Call,6216,24/09/2021 04:29,82540,Oren Watson,"P.O. Box 134, 7745 Nec, Road",75450,031-590-8218,THT0004,310,4,Yes,1054.0,,,,246.0,1,1240,3,1,3,313,Potential Loyalists,3
Lazada,3053,24/10/2021 12:25,16389,Rogan Donaldson,857-6738 Tempus Road,24582,002-754-0589,THT0016,550,3,Yes,1402.5,,,,216.0,1,1650,4,1,4,414,Long time Big Buy,3
Facebook,7820,24/12/2021 19:11,48046,Whilemina Mckee,"P.O. Box 266, 4118 Nunc St.",38272,083-426-7909,THT0016,550,4,Yes,1870.0,,,,155.0,1,2200,4,1,5,415,Long time Big Buy,3
Shopee,5936,25/01/2022 03:55,65581,Grant Justice,163-268 Nam Ave,58192,023-498-8194,THT0007,370,3,No,1110.0,,,,123.0,1,1110,5,1,2,512,Potential Loyalists,2
Shopee,1795,25/02/2021 12:59,68939,Arthur Levy,Ap #324-4326 Vel St.,36657,045-500-9985,THT0007,370,2,Yes,629.0,,,,457.0,1,740,1,1,2,112,At Risk,0
Facebook,1791,25/02/2022 07:04,78980,Tara Welch,550-1128 Nulla St.,75211,064-444-5726,THT0019,610,3,Yes,1555.5,,,,92.0,1,1830,5,1,4,514,Long time Big Buy,2
Line,3425,25/02/2022 12:08,61121,Simon Noble,"P.O. Box 481, 2650 Phasellus Street",81612,015-201-9815,THT0010,430,2,No,860.0,,,,92.0,1,860,5,1,2,512,Potential Loyalists,2
Line,6905,25/03/2021 18:57,81603,Octavia Mcknight,3765 Enim. Avenue,74746,014-481-4447,THT0006,350,4,Yes,1190.0,,,,429.0,1,1400,2,1,3,213,At Risk,3
Lazada,6810,25/03/2022 10:18,93328,Fletcher Lindsay,"895-9920 Elit, Rd.",53846,054-161-5585,THT0009,410,2,Yes,697.0,,,,64.0,1,820,5,1,2,512,Potential Loyalists,2
Line,6637,25/03/2022 19:20,63195,Amena Snider,Ap #583-9683 Cras St.,41615,060-521-0473,THT0017,570,3,Yes,1453.5,,,,64.0,1,1710,5,1,4,514,Long time Big Buy,2
Facebook,3246,25/04/2022 10:53,62002,Aimee George,"958-9343 Urna, St.",25374,078-520-1678,THT0018,590,1,Yes,501.5,,,,33.0,1,590,5,1,1,511,Potential Loyalists,2
Call,3786,25/05/2021 07:56,59412,Odette Petty,115-5338 Quisque Rd.,95107,004-779-2525,THT0002,270,2,Yes,459.0,,,,368.0,1,540,2,1,1,211,At Risk,0
Facebook,3795,25/05/2021 12:30,27452,Hanae Blanchard,839-4021 Nascetur Av.,83172,013-768-2441,THT0017,570,3,No,1710.0,,,,368.0,1,1710,2,1,4,214,At Risk,3
Facebook,4328,25/05/2022 06:41,65943,Elliott Sherman,Ap #842-6312 Vestibulum Rd.,52391,060-581-5682,THT0005,330,2,Yes,561.0,,,,3.0,1,660,5,1,1,511,Potential Loyalists,2
Line,7063,25/09/2021 11:17,41161,Edward Munoz,5996 Non Road,37943,032-274-3775,THT0014,510,5,Yes,2167.5,,,,245.0,1,2550,3,1,5,315,Long time Big Buy,3
Facebook,1378,25/09/2021 14:37,26546,Dexter Copeland,Ap #928-5473 Mus. Street,61367,007-379-8320,THT0016,550,2,Yes,935.0,,,,245.0,1,1100,3,1,2,312,Potential Loyalists,0
Shopee,4017,25/11/2021 23:20,91453,Tatyana Crawford,"P.O. Box 419, 9718 Condimentum. Rd.",35302,099-644-8082,THT0013,490,4,Yes,1666.0,,,,184.0,1,1960,4,1,5,415,Long time Big Buy,3
Call,1415,25/12/2020 06:28,61188,April Mckenzie,166-2538 Orci Avenue,72182,026-166-1330,THT0019,610,1,No,610.0,,,,519.0,1,610,1,1,1,111,At Risk,0
Shopee,8017,26/02/2021 04:05,39362,Clark Simmons,"Ap #385-9418 Non, St.",41228,077-141-5409,THT0003,290,3,No,870.0,,,,456.0,1,870,1,1,2,112,At Risk,0
Facebook,1128,26/03/2021 11:28,96075,Yen Mann,"P.O. Box 602, 9628 Lacus Road",41487,021-877-2318,THT0017,570,4,Yes,1938.0,,,,428.0,1,2280,2,1,5,215,At Risk,3
Call,3851,26/04/2022 17:54,70907,Armand Griffith,"375-100 Iaculis, Road",63847,034-172-4622,THT0019,610,2,Yes,1037.0,,,,32.0,1,1220,5,1,3,513,Potential Loyalists,2
Call,4373,26/05/2022 16:22,24438,Keelie Webster,213-4495 Etiam Road,37544,076-335-4589,THT0011,450,4,No,1800.0,,,,2.0,1,1800,5,1,4,514,Long time Big Buy,2
Lazada,4528,26/06/2021 12:51,26045,Farrah Barker,421-8478 Velit. Street,84677,074-646-0097,THT0015,530,3,No,1590.0,,,,336.0,1,1590,3,1,4,314,Long time Big Buy,3
Call,6858,26/06/2021 18:53,65697,Jared Hunter,Ap #805-8677 Congue Ave,69738,020-228-9117,THT0015,530,5,No,2650.0,,,,336.0,1,2650,3,1,5,315,Long time Big Buy,3
Lazada,1570,26/06/2021 21:41,65722,Kylynn Burgess,853-1975 Tristique St.,57333,075-015-3728,THT0009,410,5,No,2050.0,,,,336.0,1,2050,3,1,5,315,Long time Big Buy,3
Shopee,9348,26/07/2021 19:05,63760,Nissim Austin,5934 Lectus Rd.,75817,084-576-1627,THT0005,330,2,Yes,561.0,,,,306.0,1,660,3,1,1,311,Potential Loyalists,0
Call,8760,26/09/2020 14:17,45344,Jillian Kent,Ap #591-5138 Egestas Rd.,94177,006-223-2157,THT0020,630,2,No,1260.0,,,,609.0,1,1260,1,1,3,113,At Risk,3
Shopee,9457,26/09/2021 00:33,94298,Ulysses Barber,9768 Euismod Av.,66388,041-552-7474,THT0009,410,3,No,1230.0,,,,244.0,1,1230,4,1,3,413,Potential Loyalists,3
Call,2866,26/09/2021 07:40,34825,Oprah Price,Ap #619-7465 Ipsum Av.,69324,003-411-3779,THT0012,470,4,No,1880.0,,,,244.0,1,1880,4,1,4,414,Long time Big Buy,3
Facebook,4074,26/09/2021 23:58,93942,Deborah Collins,508-707 Est. Rd.,99815,032-478-6735,THT0006,350,4,No,1400.0,,,,244.0,1,1400,4,1,3,413,Potential Loyalists,3
Lazada,5937,26/10/2020 13:20,99074,Mohammad Bean,Ap #588-3483 Duis Rd.,54576,053-019-4545,THT0006,350,1,Yes,297.5,,,,579.0,1,350,1,1,1,111,At Risk,0
Line,3778,26/10/2021 02:29,79135,Naida Bolton,"P.O. Box 901, 5948 Parturient St.",80802,012-325-6852,THT0018,590,3,No,1770.0,,,,214.0,1,1770,4,1,4,414,Long time Big Buy,3
Shopee,6886,26/10/2021 18:46,52481,Porter James,Ap #549-8096 Ante. Avenue,57887,012-727-1301,THT0011,450,4,No,1800.0,,,,214.0,1,1800,4,1,4,414,Long time Big Buy,3
Line,7874,26/11/2021 02:39,38315,Reese Marsh,Ap #289-814 Dolor Street,81382,036-644-5634,THT0016,550,3,Yes,1402.5,,,,183.0,1,1650,4,1,4,414,Long time Big Buy,3
Line,3762,26/11/2021 15:06,52851,Miriam Jacobs,3092 Vestibulum Avenue,88954,074-383-5637,THT0016,550,1,Yes,467.5,,,,183.0,1,550,4,1,1,411,Potential Loyalists,0
Line,8614,26/11/2021 16:20,13820,Barry Guzman,Ap #639-2783 Donec Avenue,67068,044-107-5795,THT0020,630,1,Yes,535.5,,,,183.0,1,630,4,1,1,411,Potential Loyalists,0
Lazada,7118,26/12/2020 15:06,14754,Ezra Copeland,"309-7709 Eget, Avenue",54387,044-470-2467,THT0015,530,4,Yes,1802.0,,,,518.0,1,2120,1,1,5,115,At Risk,3
Shopee,6980,26/12/2020 16:01,70535,Autumn Franklin,Ap #732-7663 Ligula. St.,18824,015-575-6828,THT0017,570,4,No,2280.0,,,,518.0,1,2280,1,1,5,115,At Risk,3
Line,3030,27/01/2022 19:31,91804,Avye Chapman,Ap #381-8800 Tincidunt. Rd.,44236,005-879-6735,THT0016,550,4,Yes,1870.0,,,,121.0,1,2200,5,1,5,515,Long time Big Buy,3
Call,5538,27/02/2022 11:04,79169,Danielle Murray,Ap #729-5598 Nunc St.,33165,047-162-7566,THT0011,450,5,Yes,1912.5,,,,90.0,1,2250,5,1,5,515,Long time Big Buy,2
Lazada,9756,27/02/2022 15:18,19034,Mohammad Saunders,346-2162 Integer St.,56741,064-978-8357,THT0008,390,3,Yes,994.5,,,,90.0,1,1170,5,1,3,513,Potential Loyalists,2
Call,8653,27/03/2021 16:56,70204,Adrian Porter,3509 Duis Rd.,36611,097-124-4705,THT0001,250,2,No,500.0,,,,427.0,1,500,2,1,1,211,At Risk,0
Call,3862,27/03/2022 20:46,13429,Hop Erickson,Ap #945-955 Fames Avenue,99681,039-539-0750,THT0011,450,5,No,2250.0,,,,62.0,1,2250,5,1,5,515,Long time Big Buy,2
Lazada,4231,27/04/2022 14:30,60192,Flynn Anthony,398-9057 Ante Rd.,99738,032-997-1162,THT0010,430,4,No,1720.0,,,,31.0,1,1720,5,1,4,514,Long time Big Buy,2
Call,3290,27/04/2022 19:55,70707,Adam Figueroa,"P.O. Box 353, 5818 Morbi Street",78851,067-817-5732,THT0003,290,2,Yes,493.0,,,,31.0,1,580,5,1,1,511,Potential Loyalists,2
Shopee,9970,27/05/2021 16:06,24461,Jerry Mathis,Ap #209-324 Vitae Av.,11266,081-547-8005,THT0006,350,5,No,1750.0,,,,366.0,1,1750,2,1,4,214,At Risk,3
Lazada,2663,27/05/2021 18:00,88959,Orla Hurley,468-7544 Porta Av.,74806,082-202-7652,THT0017,570,2,Yes,969.0,,,,366.0,1,1140,2,1,3,213,At Risk,3
Line,9984,27/07/2021 01:56,44977,Slade Castillo,412-9035 Auctor Rd.,37695,043-538-5283,THT0008,390,1,Yes,331.5,,,,305.0,1,390,3,1,1,311,Potential Loyalists,0
Shopee,9198,27/07/2021 04:51,15150,Rudyard Holman,Ap #249-7534 Enim. St.,40858,087-160-7866,THT0010,430,3,No,1290.0,,,,305.0,1,1290,3,1,3,313,Potential Loyalists,3
Call,2892,27/07/2021 22:44,74873,Wing Witt,8640 Ipsum Street,22112,024-456-6665,THT0013,490,2,Yes,833.0,,,,305.0,1,980,3,1,2,312,Potential Loyalists,0
Lazada,2083,27/09/2020 18:44,44235,Nina Nieves,"698-6513 Ornare, St.",61965,072-233-6552,THT0020,630,1,No,630.0,,,,608.0,1,630,1,1,1,111,At Risk,0
Line,5646,27/10/2021 02:35,22506,Baker Bass,Ap #361-2101 Semper. Street,71323,068-530-9559,THT0018,590,5,No,2950.0,,,,213.0,1,2950,4,1,5,415,Long time Big Buy,3
Line,1452,27/11/2021 11:44,61152,Nyssa Wolf,261-5192 Duis St.,68813,053-384-8623,THT0007,370,4,No,1480.0,,,,182.0,1,1480,4,1,3,413,Potential Loyalists,3
Facebook,4667,27/12/2020 16:56,53284,Ira Bradford,647-2776 Parturient St.,36077,021-276-2528,THT0019,610,4,No,2440.0,,,,517.0,1,2440,1,1,5,115,At Risk,3
Shopee,2531,28/03/2022 12:44,95217,Blaze Hinton,845-938 Enim St.,35482,021-367-1646,THT0002,270,3,Yes,688.5,,,,61.0,1,810,5,1,2,512,Potential Loyalists,2
Lazada,1387,28/03/2022 13:48,53736,Bernard Leonard,"P.O. Box 543, 7309 Vestibulum, Av.",54361,028-896-8048,THT0001,250,3,Yes,637.5,,,,61.0,1,750,5,1,2,512,Potential Loyalists,2
Shopee,1423,28/04/2022 07:18,13989,Xenos Potts,"P.O. Box 134, 5184 Mauris St.",58399,027-078-8226,THT0003,290,3,No,870.0,,,,30.0,1,870,5,1,2,512,Potential Loyalists,2
Call,7358,28/05/2021 17:27,11205,Justine Humphrey,Ap #876-6104 Vulputate St.,78763,085-480-2559,THT0018,590,4,No,2360.0,,,,365.0,1,2360,2,1,5,215,At Risk,3
Lazada,1454,28/07/2021 08:26,38754,Hilda Lyons,"579-6386 Tincidunt, Rd.",91611,017-377-8053,THT0019,610,2,No,1220.0,,,,304.0,1,1220,3,1,3,313,Potential Loyalists,3
Shopee,2700,28/08/2021 03:38,11055,Fitzgerald Garza,"P.O. Box 581, 9886 Congue Ave",51672,025-714-4858,THT0007,370,5,Yes,1572.5,,,,273.0,1,1850,3,1,4,314,Long time Big Buy,3
Lazada,2079,28/10/2020 10:32,73301,Hamilton Cain,"7514 Vulputate, Ave",34732,042-588-8222,THT0006,350,4,Yes,1190.0,,,,577.0,1,1400,1,1,3,113,At Risk,3
Line,2769,28/10/2021 17:35,36768,Jena Pace,"505-335 Tempor, Avenue",46572,084-947-5231,THT0005,330,4,No,1320.0,,,,212.0,1,1320,4,1,3,413,Potential Loyalists,3
Call,8126,28/12/2021 16:17,31727,Rudyard Chang,"445-483 Nec, Avenue",37363,061-583-2581,THT0001,250,3,Yes,637.5,,,,151.0,1,750,4,1,2,412,Potential Loyalists,0
Shopee,5207,29/01/2020 07:31,83249,Vanna Browning,953-7577 Quis Avenue,54360,085-182-8355,THT0002,270,2,No,540.0,,,,850.0,1,540,1,1,1,111,At Risk,0
Line,3617,29/01/2022 10:49,97145,Neil Thompson,Ap #555-4183 Ipsum. Road,55655,031-753-7408,THT0016,550,3,Yes,1402.5,,,,119.0,1,1650,5,1,4,514,Long time Big Buy,2
Lazada,3455,29/01/2022 13:01,56345,Flavia Justice,"Ap #717-9081 Urna, Rd.",72590,072-375-5872,THT0009,410,3,No,1230.0,,,,119.0,1,1230,5,1,3,513,Potential Loyalists,2
Shopee,7901,29/05/2021 15:58,35439,Chancellor Macdonald,931-2880 Bibendum Av.,23510,076-260-5183,THT0011,450,4,Yes,1530.0,,,,364.0,1,1800,2,1,4,214,At Risk,3
Line,6957,29/08/2021 14:21,89082,Carly Workman,225-2922 Tellus St.,42791,026-868-5617,THT0011,450,2,Yes,765.0,,,,272.0,1,900,3,1,2,312,Potential Loyalists,0
Facebook,1840,29/10/2021 01:39,17959,Lavinia Dotson,677-6561 Erat St.,86196,050-632-1432,THT0006,350,4,No,1400.0,,,,211.0,1,1400,4,1,3,413,Potential Loyalists,3
Line,7236,29/11/2021 10:55,46638,Libby Dalton,Ap #591-1186 Proin St.,13439,078-235-3715,THT0005,330,3,No,990.0,,,,180.0,1,990,4,1,2,412,Potential Loyalists,0
Lazada,4111,29/11/2021 16:23,58425,Victoria Kim,Ap #244-3047 Ac Avenue,85574,036-827-2341,THT0002,270,2,No,540.0,,,,180.0,1,540,4,1,1,411,Potential Loyalists,0
Facebook,2299,29/11/2021 22:49,99802,Oprah Lambert,"P.O. Box 170, 8835 Congue Ave",97118,072-195-9888,THT0020,630,4,Yes,2142.0,,,,180.0,1,2520,4,1,5,415,Long time Big Buy,3
Call,2105,29/12/2021 08:08,95990,Odette Medina,Ap #635-6671 Lorem St.,14866,021-897-4478,THT0010,430,3,Yes,1096.5,,,,150.0,1,1290,4,1,3,413,Potential Loyalists,3
Lazada,3285,29/12/2021 09:11,51549,Carl Burks,Ap #351-1923 Pretium Street,61285,024-214-4771,THT0007,370,4,Yes,1258.0,,,,150.0,1,1480,4,1,3,413,Potential Loyalists,3
Facebook,1122,29/12/2021 14:56,41678,Jamal Nicholson,Ap #427-4283 Arcu. Street,90227,034-523-5058,THT0007,370,2,No,740.0,,,,150.0,1,740,4,1,2,412,Potential Loyalists,0
Call,9629,29/12/2021 20:12,41938,Hakeem Hartman,7772 Imperdiet Road,64512,032-135-2656,THT0004,310,5,No,1550.0,,,,150.0,1,1550,4,1,4,414,Long time Big Buy,3
Facebook,2410,30/01/2022 03:45,58579,Alan Riggs,Ap #513-3924 Mauris Road,17420,036-462-8457,THT0003,290,1,No,290.0,,,,118.0,1,290,5,1,1,511,Potential Loyalists,0
Call,6285,30/01/2022 23:52,51458,Nissim Cooley,3560 Leo. Road,51897,001-831-6154,THT0008,390,5,No,1950.0,,,,118.0,1,1950,5,1,5,515,Long time Big Buy,2
Facebook,6539,30/03/2020 09:09,61117,Zia Parker,"P.O. Box 354, 2365 Eget Ave",81683,074-595-7307,THT0017,570,1,Yes,484.5,,,,789.0,1,570,1,1,1,111,At Risk,0
Line,5273,30/03/2020 13:19,94197,Raya Hale,Ap #829-9560 Cursus St.,13396,044-340-4332,THT0012,470,2,Yes,799.0,,,,789.0,1,940,1,1,2,112,At Risk,0
Line,8158,30/03/2022 05:51,33329,Kasimir Byers,3412 Nunc Ave,24219,075-276-2335,THT0015,530,4,No,2120.0,,,,59.0,1,2120,5,1,5,515,Long time Big Buy,2
Lazada,1470,30/03/2022 16:03,97714,Otto Hoffman,Ap #376-1177 Ipsum St.,60723,015-724-5723,THT0002,270,2,No,540.0,,,,59.0,1,540,5,1,1,511,Potential Loyalists,2
Call,8262,30/03/2022 19:58,22066,Nigel Padilla,"P.O. Box 412, 5957 Arcu. Road",84848,073-048-2758,THT0009,410,2,Yes,697.0,,,,59.0,1,820,5,1,2,512,Potential Loyalists,2
Shopee,4527,30/04/2020 03:58,63353,Camden Knight,"509-6735 Non, Avenue",85405,028-277-6462,THT0007,370,3,No,1110.0,,,,758.0,1,1110,1,1,2,112,At Risk,3
Line,8285,30/06/2021 23:13,76807,Quinn Calderon,239-3897 Proin Street,78942,008-381-5346,THT0020,630,1,Yes,535.5,,,,332.0,1,630,3,1,1,311,Potential Loyalists,0
Call,6544,30/10/2021 23:09,78312,Constance Potts,781-4255 Cubilia St.,86527,086-333-1778,THT0017,570,2,Yes,969.0,,,,210.0,1,1140,4,1,3,413,Potential Loyalists,3
Facebook,3273,30/12/2021 13:23,51839,Levi Sutton,504-4951 Dolor Av.,34815,031-881-2627,THT0014,510,2,Yes,867.0,,,,149.0,1,1020,4,1,2,412,Potential Loyalists,0
Call,6743,31/01/2020 22:36,67902,Hadassah Blevins,"P.O. Box 277, 6455 Id St.",82864,052-548-6425,THT0014,510,4,Yes,1734.0,,,,848.0,1,2040,1,1,5,115,At Risk,3
Lazada,3780,31/01/2022 07:46,89605,Jermaine Harding,"750-7363 Semper, Rd.",37497,083-965-0706,THT0017,570,1,No,570.0,,,,117.0,1,570,5,1,1,511,Potential Loyalists,0
Lazada,8662,31/07/2021 23:26,76988,Ella Forbes,238-3128 Egestas. Road,30133,037-316-7468,THT0014,510,4,Yes,1734.0,,,,301.0,1,2040,3,1,5,315,Long time Big Buy,3
Facebook,5143,31/12/2021 08:17,47882,Noah Larsen,Ap #128-8855 Sed Rd.,66442,079-174-0516,THT0004,310,3,Yes,790.5,,,,148.0,1,930,4,1,2,412,Potential Loyalists,0
Facebook,2952,31/12/2021 10:26,18713,Sopoline Klein,Ap #704-3602 Nisl. Street,78621,008-610-3490,THT0008,390,3,No,1170.0,,,,148.0,1,1170,4,1,3,413,Potential Loyalists,2
Call,5475,31/12/2021 14:16,84754,Stephen Pruitt,Ap #275-8134 Ultrices St.,56225,008-721-7337,THT0008,390,5,Yes,1657.5,,,,148.0,1,1950,4,1,5,415,Long time Big Buy,3
